Date,Open Price,High Price,Low Price,Close Price,WAP,No.of Shares,No. of Trades,Total Turnover (Rs.),Deliverable Quantity,% Deli. Qty to Traded Qty,Spread High-Low,Spread Close-Open
20-August-2025,1440.00,1499.00,1439.90,1495.85,1478.220061620988482137,353451,15767,522478359.00,202711,57.35,59.10,55.85
19-August-2025,1434.50,1449.70,1434.50,1440.00,1443.768481739524477108,564936,15991,815636791.00,332541,58.86,15.20,5.50
18-August-2025,1468.45,1468.45,1429.65,1435.60,1440.737304902176302484,86431,4181,124524366.00,39297,45.47,38.80,-32.85
14-August-2025,1427.85,1470.00,1427.40,1447.45,1453.691187177976988252,215629,7892,313457977.00,68751,31.88,42.60,19.60
13-August-2025,1428.95,1434.00,1422.20,1426.00,1426.918962590122935716,317483,8675,453022513.00,120297,37.89,11.80,-2.95
12-August-2025,1429.80,1441.00,1421.15,1424.10,1427.431392584708178108,704625,14478,1005803845.00,382156,54.24,19.85,-5.70
11-August-2025,1420.00,1433.20,1414.50,1428.00,1424.482153942840500624,130477,9205,185862158.00,65957,50.55,18.70,8.00
8-August-2025,1428.95,1433.35,1417.05,1423.65,1424.265903223671145826,317247,16554,451844085.00,230315,72.60,16.30,-5.30
7-August-2025,1435.00,1442.70,1414.55,1437.65,1426.014685940898042727,195425,6380,278678920.00,142654,73.00,28.15,2.65
6-August-2025,1455.70,1455.70,1430.30,1435.75,1442.143741495892061447,96277,5059,138845273.00,48781,50.67,25.40,-19.95
5-August-2025,1475.20,1479.90,1454.75,1459.75,1459.619630203382032924,491243,8755,717027926.00,406000,82.65,25.15,-15.45
4-August-2025,1466.00,1482.50,1451.20,1480.35,1465.294253967597094911,144987,10425,212448618.00,74200,51.18,31.30,14.35
1-August-2025,1496.95,1498.75,1466.10,1470.60,1480.074784085331069159,150754,8360,223127194.00,71262,47.27,32.65,-26.35
31-July-2025,1507.55,1526.70,1497.10,1508.60,1509.479711123811503091,827621,11605,1249277108.00,152157,18.38,29.60,1.05
30-July-2025,1510.05,1521.50,1505.70,1519.05,1514.760838434938124151,159917,6779,242236009.00,97275,60.83,15.80,9.00
29-July-2025,1510.45,1517.20,1496.60,1513.85,1508.002124921964072698,341189,19794,514513737.00,155279,45.51,20.60,3.40
28-July-2025,1518.95,1519.35,1482.70,1516.10,1507.091442541084369656,287153,16177,432765829.00,119766,41.71,36.65,-2.85
25-July-2025,1543.00,1549.75,1511.35,1515.60,1524.514145077720207253,463200,30329,706154952.00,311786,67.31,38.40,-27.40
24-July-2025,1581.00,1581.00,1548.20,1553.55,1557.835767508041587434,380211,14311,592306295.00,204316,53.74,32.80,-27.45
23-July-2025,1579.80,1592.40,1551.00,1574.40,1580.209371456207057567,239856,11330,379022699.00,147472,61.48,41.40,-5.40
22-July-2025,1579.95,1585.60,1567.00,1570.10,1573.594002789156236493,571499,21780,899307399.00,296822,51.94,18.60,-9.85
21-July-2025,1579.15,1589.00,1568.25,1584.60,1578.985266285941961617,120472,7358,190223513.00,61540,51.08,20.75,5.45
18-July-2025,1588.05,1599.00,1579.90,1586.55,1587.568345927110303089,369627,3592,586808125.00,84023,22.73,19.10,-1.50
17-July-2025,1608.55,1609.75,1580.50,1582.70,1594.151209791130078396,159573,6868,254383491.00,104917,65.75,29.25,-25.85
16-July-2025,1580.00,1612.10,1579.80,1608.60,1600.612091966138542112,60718,3183,97185965.00,24808,40.86,32.30,28.60
15-July-2025,1565.00,1603.80,1565.00,1584.80,1585.327064281572021233,896680,16746,1421531072.00,155802,17.38,38.80,19.80
14-July-2025,1589.20,1593.95,1560.00,1570.45,1590.468722149988406871,1462073,16995,2325381376.00,1356794,92.80,33.95,-18.75
11-July-2025,1579.00,1606.95,1563.25,1594.90,1591.384605357672776488,360567,14388,573800773.00,200302,55.55,43.70,15.90
10-July-2025,1637.00,1637.00,1607.55,1616.75,1617.217378913688355765,771970,6713,1248443300.00,103032,13.35,29.45,-20.25
9-July-2025,1638.65,1638.65,1624.00,1633.90,1630.763647588411578423,400089,9116,652450597.00,351280,87.80,14.65,-4.75
8-July-2025,1628.20,1646.90,1621.10,1638.65,1636.142160835963782674,549019,14124,898273133.00,123730,22.54,25.80,10.45
7-July-2025,1640.00,1642.40,1623.05,1627.50,1634.077002953664389883,173344,5459,283257444.00,129058,74.45,19.35,-12.50
4-July-2025,1628.15,1643.40,1612.40,1640.20,1627.212858678423727887,274445,8954,446580433.00,133332,48.58,31.00,12.05
3-July-2025,1610.00,1632.00,1610.00,1618.15,1623.069071373752877973,95119,3954,154384707.00,39544,41.57,22.00,8.15
2-July-2025,1616.60,1649.00,1604.00,1609.90,1629.449341294257629516,466445,14347,760048498.00,167023,35.81,45.00,-6.70
1-July-2025,1601.30,1617.00,1600.90,1608.15,1607.664768778806582134,461917,15706,742607687.00,76598,16.58,16.10,6.85
30-June-2025,1609.30,1614.95,1594.25,1601.30,1604.268781284409525886,187993,8194,301591301.00,106877,56.85,20.70,-8.00
27-June-2025,1602.05,1629.95,1602.05,1608.60,1614.801081939550349893,80596,3636,130146508.00,27176,33.72,27.90,6.55
26-June-2025,1615.45,1624.10,1606.55,1615.00,1615.501170673562998201,187926,6197,303594673.00,104603,55.66,17.55,-0.45
25-June-2025,1592.95,1619.85,1586.00,1615.50,1606.562502058335986299,91093,3640,146346598.00,42184,46.31,33.85,22.55
24-June-2025,1603.15,1606.40,1577.90,1581.55,1586.728025083489854424,930652,25603,1476691610.00,168722,18.13,28.50,-21.60
23-June-2025,1600.00,1600.10,1576.00,1584.70,1586.466276059939810699,256524,8970,406966675.00,150465,58.66,24.10,-15.30
20-June-2025,1619.00,1630.00,1608.65,1621.85,1616.241198875638274869,300615,11493,485866348.00,154221,51.30,21.35,2.85
19-June-2025,1629.65,1629.65,1612.25,1618.50,1618.468398451995970948,188630,5213,305291694.00,138288,73.31,17.40,-11.15
18-June-2025,1615.00,1644.45,1615.00,1632.80,1635.430126268142323188,659232,6720,1078127873.00,571757,86.73,29.45,17.80
17-June-2025,1619.95,1647.70,1615.20,1640.15,1637.656340100499012567,2067483,30733,3385826643.00,1090399,52.74,32.50,20.20
16-June-2025,1600.00,1634.50,1596.80,1623.75,1618.564793302080039593,436434,11680,706396707.00,258114,59.14,37.70,23.75
13-June-2025,1571.05,1608.75,1570.00,1601.55,1593.467776533013747405,115149,5082,183486221.00,31116,27.02,38.75,30.50
12-June-2025,1625.95,1627.50,1598.40,1607.40,1612.098469240068790546,176187,6694,284030793.00,77083,43.75,29.10,-18.55
11-June-2025,1594.95,1634.10,1589.95,1630.70,1616.293402682726526142,420095,18115,678996777.00,254356,60.55,44.15,35.75
10-June-2025,1580.00,1607.00,1577.70,1596.25,1595.426162297128589263,400500,19033,638968178.00,98855,24.68,29.30,16.25
9-June-2025,1579.00,1587.90,1570.10,1572.55,1577.387709791525551290,292314,13135,461092511.00,135165,46.24,17.80,-6.45
6-June-2025,1553.30,1568.00,1543.70,1564.05,1554.129042558338305729,310045,13482,481849939.00,89443,28.85,24.30,10.75
5-June-2025,1552.00,1567.45,1542.40,1554.35,1555.754826298905163654,175186,7307,272546465.00,79518,45.39,25.05,2.35
4-June-2025,1542.30,1557.00,1542.00,1551.25,1549.998227357093699818,47951,2722,74323965.00,16813,35.06,15.00,8.95
3-June-2025,1561.80,1566.70,1535.35,1542.35,1544.282395235735344762,1190530,44376,1838514520.00,153231,12.87,31.35,-19.45
2-June-2025,1562.00,1562.00,1538.75,1554.20,1551.562477812226350791,338024,16190,524465355.00,143654,42.50,23.25,-7.80
30-May-2025,1569.00,1570.75,1555.10,1562.80,1564.036761049036835648,361932,8992,566074953.00,260083,71.86,15.65,-6.20
29-May-2025,1585.00,1609.00,1577.00,1585.40,1593.215575140849834265,413916,13154,659457418.00,165230,39.92,32.00,0.40
28-May-2025,1574.05,1587.00,1570.05,1572.05,1577.179953501315068985,222802,7203,351398848.00,151968,68.21,16.95,-2.00
27-May-2025,1578.25,1582.80,1556.20,1570.50,1567.572211251952233104,959158,32264,1503549427.00,339522,35.40,26.60,-7.75
26-May-2025,1569.95,1583.75,1562.35,1580.40,1578.167122174619589304,216608,6668,341843624.00,95429,44.06,21.40,10.45
23-May-2025,1550.00,1586.50,1549.25,1564.50,1576.513598542991496722,328344,11155,517638781.00,142758,43.48,37.25,14.50
22-May-2025,1562.00,1562.00,1540.05,1549.20,1551.645112704557213714,369151,12874,572791345.00,262231,71.04,21.95,-12.80
21-May-2025,1561.65,1570.00,1552.15,1568.10,1566.170991698290670864,153101,5664,239782345.00,90810,59.31,17.85,6.45
20-May-2025,1567.00,1583.00,1558.30,1560.40,1567.377521694678569647,320816,14747,502839787.00,52080,16.23,24.70,-6.60
19-May-2025,1583.95,1583.95,1555.00,1559.15,1566.394780716030302955,402469,11775,630425341.00,181678,45.14,28.95,-24.80
16-May-2025,1614.20,1614.20,1581.30,1589.75,1590.812280480869002704,230333,12414,366416565.00,85811,37.26,32.90,-24.45
15-May-2025,1592.35,1618.85,1571.20,1613.25,1600.636779200130089526,332079,16918,531537861.00,161475,48.63,47.65,20.90
14-May-2025,1575.00,1594.15,1570.00,1592.60,1588.740490042515104050,196636,9233,312403575.00,,,24.15,17.60
13-May-2025,1619.60,1619.60,1564.95,1569.10,1578.137487626917397185,435421,13547,687154203.00,213530,49.04,54.65,-50.50
12-May-2025,1535.25,1632.00,1534.05,1626.70,1580.075713111480096258,302933,10553,478657076.00,93233,30.78,97.95,91.45
9-May-2025,1491.20,1511.00,1491.20,1507.45,1503.198490377142254949,75913,3131,114112307.00,44339,58.41,19.80,16.25
8-May-2025,1509.95,1516.40,1501.35,1511.25,1508.955829466187160096,170453,7751,257206048.00,90537,53.12,15.05,1.30
7-May-2025,1501.30,1518.75,1495.05,1508.50,1508.137307453075262522,109324,3869,164875603.00,49718,45.48,23.70,7.20
6-May-2025,1509.00,1515.50,1499.10,1511.30,1510.118543339444901055,94902,3665,143313270.00,57886,61.00,16.40,2.30
5-May-2025,1507.35,1522.45,1502.75,1507.70,1512.131315998637447484,105684,3653,159808086.00,67948,64.29,19.70,0.35
2-May-2025,1504.95,1523.70,1496.40,1506.45,1510.089798773270203378,92930,5510,140332645.00,39022,41.99,27.30,1.50
30-April-2025,1497.40,1508.00,1486.00,1498.90,1500.548533147758428426,119269,4233,178968923.00,61696,51.73,22.00,1.50
29-April-2025,1482.20,1509.60,1474.50,1497.40,1491.329356566682975173,398565,19745,594391685.00,196864,49.39,35.10,15.20
28-April-2025,1483.00,1488.70,1465.30,1482.20,1477.710621506701123865,532448,19955,786804065.00,382206,71.78,23.40,-0.80
25-April-2025,1474.10,1501.50,1464.00,1480.20,1484.163283972678729467,236153,8768,350489612.00,101477,42.97,37.50,6.10
24-April-2025,1474.75,1483.00,1461.15,1471.30,1469.732903398418121923,179407,5968,263680371.00,118478,66.04,21.85,-3.45
23-April-2025,1447.35,1487.85,1441.55,1474.85,1471.624651303820497271,329800,9413,485341810.00,130213,39.48,46.30,27.50
22-April-2025,1448.95,1448.95,1419.60,1422.40,1425.470895756700115125,391747,12926,558423947.00,213934,54.61,29.35,-26.55
21-April-2025,1409.00,1471.50,1409.00,1450.45,1450.616073432645394511,592543,20729,859552400.00,238622,40.27,62.50,41.45
17-April-2025,1404.85,1429.40,1378.60,1420.20,1396.359149780249698572,771330,23993,1077053703.00,480760,62.33,50.80,15.35
16-April-2025,1429.95,1429.95,1396.95,1413.00,1412.110083527031805192,345038,18364,487231639.00,199031,57.68,33.00,-16.95
15-April-2025,1440.40,1447.00,1409.10,1427.25,1423.327799856056576024,383484,16746,545823438.00,221545,57.77,37.90,-13.15
11-April-2025,1414.65,1438.55,1397.65,1410.60,1421.249420348601540332,493400,18110,701244464.00,266598,54.03,40.90,-4.05
9-April-2025,1408.20,1408.20,1381.35,1404.20,1394.304926617567701089,263142,16382,366900187.00,167508,63.66,26.85,-4.00
8-April-2025,1427.00,1456.50,1415.00,1429.30,1436.983918044295702182,415932,18641,597687595.00,116179,27.93,41.50,2.30
7-April-2025,1350.00,1406.85,1307.10,1397.80,1361.767448589360191422,1050658,50183,1430751864.00,584310,55.61,99.75,47.80
4-April-2025,1466.95,1472.00,1448.00,1452.30,1460.051752241238793806,353376,25682,515947248.00,193774,54.84,24.00,-14.65
3-April-2025,1522.90,1530.00,1485.10,1497.00,1499.304080158627409562,293518,14229,440072735.00,169916,57.89,44.90,-25.90
2-April-2025,1531.50,1555.50,1531.50,1549.85,1547.105368156440910818,136844,7745,211712087.00,65727,48.03,24.00,18.35
1-April-2025,1535.10,1547.70,1518.00,1527.50,1529.650663704317373048,265555,13575,406206382.00,111285,41.91,29.70,-7.60
28-March-2025,1594.95,1597.80,1565.05,1570.40,1576.518681893470490802,229420,15363,361684916.00,109486,47.72,32.75,-24.55
27-March-2025,1595.60,1620.00,1586.40,1603.55,1601.065904039990682271,158837,7952,254308505.00,81827,51.52,33.60,7.95
26-March-2025,1630.00,1637.80,1595.00,1598.15,1614.187208592155635995,134262,8644,216724003.00,56415,42.02,42.80,-31.85
25-March-2025,1603.00,1635.90,1603.00,1631.70,1626.587441960447119518,232600,10509,378344239.00,67992,29.23,32.90,28.70
24-March-2025,1598.30,1606.55,1572.55,1592.20,1587.758250764971586769,274520,16450,435871395.00,113010,41.17,34.00,-6.10
21-March-2025,1580.00,1603.55,1564.15,1592.60,1590.540062933484315625,91843,6399,146079971.00,31438,34.23,39.40,12.60
20-March-2025,1592.95,1631.00,1592.95,1614.15,1616.459960308255367406,155196,9060,250868120.00,71516,46.08,38.05,21.20
19-March-2025,1608.75,1608.75,1572.60,1586.55,1582.489008962490318297,108452,6426,171624098.00,40850,37.67,36.15,-22.20
18-March-2025,1596.30,1612.70,1582.05,1608.80,1601.157174902541542348,137751,11471,220561002.00,66390,48.20,30.65,12.50
17-March-2025,1555.00,1594.00,1551.00,1590.55,1582.409478241057188425,65835,5581,104177928.00,26525,40.29,43.00,35.55
13-March-2025,1597.50,1606.60,1571.00,1579.25,1585.687728301886792452,99375,5366,157577718.00,29302,29.49,35.60,-18.25
12-March-2025,1639.65,1639.65,1564.15,1589.60,1587.113170632346871499,186559,10570,296090246.00,64299,34.47,75.50,-50.05
11-March-2025,1682.95,1682.95,1637.05,1660.60,1655.208326542143408199,184062,13785,304660955.00,89984,48.89,45.90,-22.35
10-March-2025,1689.95,1718.80,1676.80,1702.75,1703.070028907066855280,81295,6063,138451078.00,28122,34.59,42.00,12.80
7-March-2025,1704.95,1704.95,1675.80,1685.75,1686.697963561652113484,66194,3915,111649285.00,24537,37.07,29.15,-19.20
6-March-2025,1718.65,1721.15,1691.00,1713.20,1705.151141749246014648,92840,8890,158306232.00,41774,45.00,30.15,-5.45
5-March-2025,1690.05,1732.30,1690.05,1710.80,1716.040629749240121580,126336,7014,216797709.00,71889,56.90,42.25,20.75
4-March-2025,1699.95,1699.95,1670.00,1689.70,1683.899630462724935732,124480,6967,209611826.00,57154,45.91,29.95,-10.25
3-March-2025,1688.40,1728.45,1688.40,1708.10,1710.822603125520872249,695948,13320,1190643569.00,594739,85.46,40.05,19.70
28-February-2025,1754.10,1754.45,1682.80,1688.05,1701.889071647123326435,113082,7785,192453020.00,45606,40.33,71.65,-66.05
27-February-2025,1758.20,1775.90,1751.15,1764.20,1764.739510445977240469,80318,5372,141740348.00,41112,51.19,24.75,6.00
25-February-2025,1751.50,1778.45,1749.15,1768.20,1767.620599382252274814,299475,13863,529358179.00,91236,30.47,29.30,16.70
24-February-2025,1809.80,1809.80,1750.00,1764.15,1772.192839634109886605,200716,16094,355707458.00,102116,50.88,59.80,-45.65
21-February-2025,1828.75,1828.75,1806.50,1815.15,1809.344395321195694433,900230,2860,1628826105.00,854920,94.97,22.25,-13.60
20-February-2025,1800.30,1830.50,1800.30,1823.45,1822.302152128874043380,118255,5483,215496341.00,82963,70.16,30.20,23.15
19-February-2025,1845.95,1848.90,1807.00,1810.80,1827.365477160964577799,76054,4479,138978454.00,47179,62.03,41.90,-35.15
18-February-2025,1840.60,1861.00,1838.00,1851.50,1846.790421782225060913,169092,6784,312277486.00,106120,62.76,23.00,10.90
17-February-2025,1848.00,1850.05,1823.00,1842.60,1838.032017515133936507,106879,2962,196447024.00,68463,64.06,27.05,-5.40
14-February-2025,1852.50,1859.00,1828.05,1856.30,1842.167336343115124153,132900,7462,244824039.00,76707,57.72,30.95,3.80
13-February-2025,1865.50,1873.50,1835.15,1843.25,1852.997183362436358040,149469,5998,276965636.00,87629,58.63,38.35,-22.25
12-February-2025,1876.85,1894.50,1846.25,1863.75,1866.366149877165005264,649652,9950,1212488502.00,563722,86.77,48.25,-13.10
11-February-2025,1879.30,1902.55,1869.70,1876.80,1879.355281811260360761,694809,8410,1305792964.00,560879,80.72,32.85,-2.50
10-February-2025,1908.50,1908.50,1878.25,1879.20,1884.734376146026375109,204511,7019,385448912.00,149835,73.26,30.25,-29.30
7-February-2025,1880.20,1921.00,1880.20,1902.75,1900.583365084740979072,141726,5713,269362078.00,75805,53.49,40.80,22.55
6-February-2025,1920.00,1922.65,1900.05,1915.95,1908.035161678433859670,107219,5607,204577622.00,63743,59.45,22.60,-4.05
5-February-2025,1907.90,1919.10,1894.55,1897.10,1903.838217799795915130,189137,12494,360086249.00,106261,56.18,24.55,-10.80
4-February-2025,1887.00,1911.40,1875.00,1899.25,1892.423500621483964163,386977,27294,732324369.00,173725,44.89,36.40,12.25
3-February-2025,1839.95,1876.50,1832.80,1863.85,1853.823857038078357068,130888,11192,242643297.00,45476,34.74,43.70,23.90
1-February-2025,1873.75,1889.95,1845.20,1851.90,1865.618710514440433212,70912,4625,132294754.00,,,44.75,-21.85
31-January-2025,1864.10,1896.15,1864.10,1880.05,1881.724886439454178205,218826,4982,411770330.00,168773,77.13,32.05,15.95
30-January-2025,1878.95,1885.95,1844.95,1859.85,1861.163102767798411172,98815,12724,183910832.00,40475,40.96,41.00,-19.10
29-January-2025,1838.55,1888.00,1838.55,1880.85,1862.982474545173801284,220194,19798,410217563.00,124292,56.45,49.45,42.30
28-January-2025,1822.30,1863.00,1822.30,1829.15,1844.609366820799162449,366784,23629,676573202.00,177539,48.40,40.70,6.85
27-January-2025,1850.00,1862.45,1812.90,1822.10,1841.558442395027001492,93143,5093,171528278.00,51481,55.27,49.55,-27.90
24-January-2025,1865.00,1894.85,1864.80,1875.15,1882.442568233773252799,273838,22066,515484308.00,194078,70.87,30.05,10.15
23-January-2025,1856.45,1879.50,1850.65,1864.80,1869.582839341212599936,135461,14824,253255561.00,62777,46.34,28.85,8.35
22-January-2025,1806.10,1865.40,1806.10,1856.60,1840.709978070175438596,142272,7822,261881490.00,44594,31.34,59.30,50.50
21-January-2025,1820.00,1831.85,1792.45,1799.80,1814.127135518101506329,504737,21972,915657088.00,91606,18.15,39.40,-20.20
20-January-2025,1822.40,1831.60,1793.20,1813.25,1808.165288799690670398,54311,3802,98203265.00,18587,34.22,38.40,-9.15
17-January-2025,1869.95,1869.95,1812.70,1815.10,1826.648813543443554021,256183,13134,467956373.00,98087,38.29,57.25,-54.85
16-January-2025,1962.40,1967.75,1917.75,1926.20,1941.397960083996541318,113338,7579,220034162.00,42097,37.14,50.00,-36.20
15-January-2025,1951.95,1957.90,1938.00,1949.80,1948.086688077277366992,40167,2037,78248798.00,16107,40.10,19.90,-2.15
14-January-2025,1960.05,1972.00,1931.25,1939.30,1943.078919656153014691,215561,9876,418852035.00,80945,37.55,40.75,-20.75
13-January-2025,1950.05,1982.55,1948.75,1961.80,1967.495677397743551732,140309,6978,276057351.00,44351,31.61,33.80,11.75
10-January-2025,1931.55,1977.00,1931.55,1966.70,1959.003854953849803506,320367,21477,627600188.00,170327,53.17,45.45,35.15
9-January-2025,1941.85,1952.00,1909.85,1917.80,1925.881826320501342882,272548,9765,524895240.00,165037,60.55,42.15,-24.05
8-January-2025,1922.05,1938.95,1888.30,1933.15,1906.853263544043305149,201177,10015,383615019.00,127424,63.34,50.65,11.10
7-January-2025,1938.45,1959.40,1924.40,1932.55,1932.769776499098885560,244697,17825,472942966.00,144228,58.94,35.00,-5.90
6-January-2025,1954.65,1972.95,1927.85,1937.85,1943.539892142000707785,189323,6191,367956803.00,96849,51.16,45.10,-16.80
3-January-2025,1957.45,1957.45,1922.20,1938.30,1936.104136426073317811,205298,9399,397478307.00,54289,26.44,35.25,-19.15
2-January-2025,1890.00,1962.05,1885.00,1957.65,1942.293760816966169265,232274,13053,451144341.00,123835,53.31,77.05,67.65
1-January-2025,1879.95,1892.10,1875.00,1882.65,1885.638761962715052276,180770,5519,340866919.00,133441,73.82,17.10,2.70
31-December-2024,1895.00,1895.30,1845.70,1880.70,1867.961655755702842272,49186,3340,91877562.00,10136,20.61,49.60,-14.30
30-December-2024,1916.00,1916.00,1886.45,1905.70,1901.441958270736568420,232307,9272,441718277.00,192828,83.01,29.55,-10.30
27-December-2024,1915.95,1924.00,1904.00,1916.55,1909.824825598116526543,299022,11539,571079639.00,205918,68.86,20.00,0.60
26-December-2024,1906.00,1920.90,1902.50,1906.20,1907.879649451886285943,294282,10000,561454639.00,233686,79.41,18.40,0.20
24-December-2024,1924.15,1941.75,1900.25,1909.30,1914.282843436623208801,225966,7259,432562837.00,181718,80.42,41.50,-14.85
23-December-2024,1927.15,1940.45,1909.25,1923.85,1924.992505369628467409,65647,3054,126369983.00,22073,33.62,31.20,-3.30
20-December-2024,1972.00,1981.65,1911.25,1922.05,1932.191448034795733947,251755,11565,486438858.00,57519,22.85,70.40,-49.95
19-December-2024,1939.35,1959.00,1921.00,1948.15,1938.670580110497237569,75296,4815,145974140.00,26244,34.85,38.00,8.80
18-December-2024,1965.05,1984.45,1962.15,1978.90,1975.307507926304435461,91783,5892,181299649.00,50490,55.01,22.30,13.85
17-December-2024,1970.00,1980.55,1959.00,1976.65,1972.508668283370311129,38762,2930,76458381.00,14518,37.45,21.55,6.65
16-December-2024,1990.30,1999.25,1977.40,1979.65,1987.855229695362805043,73924,5623,146950210.00,35144,47.54,21.85,-10.65
13-December-2024,1969.60,2006.80,1946.45,1999.85,1987.624627449264742071,182861,7583,363459027.00,77707,42.50,60.35,30.25
12-December-2024,1975.00,1998.65,1973.00,1986.75,1988.980141688777045323,109677,6437,218145375.00,42732,38.96,25.65,11.75
11-December-2024,1952.55,1977.55,1947.35,1968.70,1966.009120321035300442,208326,10446,409570816.00,118819,57.04,30.20,16.15
10-December-2024,1930.00,1965.00,1930.00,1948.70,1949.241314949413024716,192342,9433,374920973.00,104670,54.42,35.00,18.70
9-December-2024,1922.70,1930.90,1897.50,1925.30,1913.269459067798691676,122141,8117,233688645.00,57694,47.24,33.40,2.60
6-December-2024,1929.80,1936.10,1913.00,1923.20,1921.995884414005704615,125863,6787,241908168.00,26757,21.26,23.10,-6.60
5-December-2024,1900.50,1949.00,1889.25,1934.35,1922.046983029541169076,235468,13145,452580559.00,127055,53.96,59.75,33.85
4-December-2024,1886.95,1912.90,1874.10,1890.30,1895.981410416147520558,60195,3502,114128601.00,14024,23.30,38.80,3.35
3-December-2024,1880.50,1899.00,1872.00,1891.40,1889.233656562126903701,68682,2827,129756346.00,29716,43.27,27.00,10.90
2-December-2024,1850.10,1882.00,1836.00,1879.20,1865.416562151375097874,144317,8054,269211322.00,70968,49.18,46.00,29.10
29-November-2024,1855.35,1876.75,1845.65,1858.45,1860.059694887509992767,210152,10938,390895265.00,39907,18.99,31.10,3.10
28-November-2024,1918.95,1918.95,1852.55,1857.45,1871.249857084524295630,122450,6898,229134545.00,49536,40.45,66.40,-61.50
27-November-2024,1939.95,1940.65,1912.50,1924.10,1926.391516397271792955,53515,3299,103090842.00,17435,32.58,28.15,-15.85
26-November-2024,1901.45,1938.70,1899.15,1921.85,1927.035375408480648844,101596,5274,195779086.00,35372,34.82,39.55,20.40
25-November-2024,1910.50,1919.00,1882.20,1889.15,1892.066137057093378047,181895,8916,344157370.00,94704,52.07,36.80,-21.35
22-November-2024,1849.35,1913.90,1834.25,1902.95,1882.782430335510959850,383445,18595,721943509.00,140173,36.56,79.65,53.60
21-November-2024,1839.95,1866.60,1820.50,1834.20,1839.967529331341997131,134583,9705,247628350.00,51830,38.51,46.10,-5.75
19-November-2024,1822.05,1860.00,1822.05,1825.55,1839.912917741256703823,92671,5864,170506570.00,41997,45.32,37.95,3.50
18-November-2024,1863.95,1863.95,1795.75,1811.40,1814.466796338672768878,131100,6786,237876597.00,66906,51.03,68.20,-52.55
14-November-2024,1869.65,1876.05,1856.45,1864.00,1865.072227897366681612,216343,14314,403495321.00,49152,22.72,19.60,-5.65
13-November-2024,1865.95,1873.45,1857.00,1868.30,1866.731054562202885200,60793,4076,113484181.00,25496,41.94,16.45,2.35
12-November-2024,1863.00,1881.25,1861.10,1867.95,1871.512152373649546083,73031,4101,136678404.00,25477,34.89,20.15,4.95
11-November-2024,1820.55,1867.80,1820.55,1860.00,1852.709877253327504687,173854,11312,322101023.00,86537,49.78,47.25,39.45
8-November-2024,1815.95,1840.00,1813.10,1831.05,1831.648435147977014804,152794,7543,279864891.00,44030,28.82,26.90,15.10
7-November-2024,1819.85,1825.10,1786.65,1802.65,1805.028342128003824302,108778,7197,196347373.00,32218,29.62,38.45,-17.20
6-November-2024,1765.00,1827.00,1763.50,1824.30,1756.974676745765542134,2491228,7751,4377024510.00,2362466,94.83,63.50,59.30
5-November-2024,1763.75,1768.25,1745.10,1753.80,1753.963299802489550319,87084,7082,152742140.00,36381,41.78,23.15,-9.95
4-November-2024,1728.95,1768.25,1718.50,1764.90,1742.136190424196101981,183170,12641,319107086.00,75329,41.13,49.75,35.95
1-November-2024,1763.00,1766.30,1754.40,1761.60,1762.099176578225068618,16395,2210,28889616.00,8963,54.67,11.90,-1.40
31-October-2024,1797.00,1797.00,1747.20,1757.15,1759.455940554074792020,272382,14317,479244128.00,53219,19.54,49.80,-39.85
30-October-2024,1834.95,1839.85,1797.00,1801.75,1816.594299621145595503,79714,4763,144807998.00,29246,36.69,42.85,-33.20
29-October-2024,1847.00,1851.60,1828.90,1838.75,1840.229324967494900576,83833,6388,154271945.00,29504,35.19,22.70,-8.25
28-October-2024,1855.05,1881.10,1855.05,1866.25,1873.800981467452142154,176878,8051,331434170.00,130187,73.60,26.05,11.20
25-October-2024,1868.75,1876.00,1845.65,1853.25,1859.431185662717914577,298913,19155,555808154.00,98937,33.10,30.35,-15.50
24-October-2024,1872.05,1883.70,1860.10,1864.40,1866.415393939393939393,66000,3189,123183416.00,35763,54.19,23.60,-7.65
23-October-2024,1842.35,1885.50,1842.35,1872.85,1872.102625609469924125,115059,5027,215402256.00,48530,42.18,43.15,30.50
22-October-2024,1846.05,1877.70,1846.05,1850.95,1859.796179003758842158,67574,5907,125673867.00,21317,31.55,31.65,4.90
21-October-2024,1899.40,1899.40,1838.10,1852.50,1854.214549409769986243,156295,8501,289804463.00,71912,46.01,61.30,-46.90
18-October-2024,1905.00,1936.80,1870.00,1878.85,1890.719920223793647547,532991,26388,1007736701.00,187871,35.25,66.80,-26.15
17-October-2024,1930.00,1978.00,1930.00,1969.50,1952.190717974446703609,265093,9698,517512094.00,133613,50.40,48.00,39.50
16-October-2024,1958.95,1960.10,1916.30,1919.90,1937.195681449514889970,65346,4392,126587989.00,22286,34.10,43.80,-39.05
15-October-2024,1964.95,1990.90,1952.00,1959.10,1961.843174690382986516,218415,7927,428495977.00,130197,59.61,38.90,-5.85
14-October-2024,1934.95,1970.00,1933.75,1958.70,1956.907023154662914161,78170,6506,152971422.00,32268,41.28,36.25,23.75
11-October-2024,1918.05,1946.90,1909.90,1935.00,1934.013397773712330138,219738,13195,424976236.00,41372,18.83,37.00,16.95
10-October-2024,1969.90,1969.90,1914.25,1919.05,1935.091073045521555949,133629,8105,258584285.00,36480,27.30,55.65,-50.85
9-October-2024,1951.70,1976.90,1945.50,1953.90,1963.522038535009315378,127209,7935,249777675.00,72257,56.80,31.40,2.20
8-October-2024,1934.75,1957.75,1906.90,1948.50,1932.212502555107907976,303314,20462,586067103.00,224017,73.86,50.85,13.75
7-October-2024,1922.05,1942.25,1915.60,1933.75,1931.293292164934980069,367272,18849,709309950.00,183976,50.09,26.65,11.70
4-October-2024,1888.65,1954.10,1888.65,1918.35,1931.538124277720191826,537361,19810,1037933258.00,148462,27.63,65.45,29.70
3-October-2024,1886.15,1911.95,1881.10,1893.10,1893.463544897904135084,185365,8276,350981870.00,111713,60.27,30.85,6.95
1-October-2024,1876.00,1909.00,1875.00,1904.15,1896.432745613231803100,283922,15995,538438978.00,191200,67.34,34.00,28.15
30-September-2024,1884.95,1900.00,1870.00,1876.00,1883.981489846064898460,110696,9248,208549215.00,51242,46.29,30.00,-8.95
27-September-2024,1930.00,1974.65,1903.30,1907.20,1934.265664865604787960,262993,10827,508698330.00,59461,22.61,71.35,-22.80
26-September-2024,1890.35,1917.35,1890.35,1899.35,1905.929671910529490927,129294,8317,246425271.00,64490,49.88,27.00,9.00
25-September-2024,1893.45,1901.00,1877.40,1896.00,1890.051195282772242716,68854,3693,130137585.00,31457,45.69,23.60,2.55
24-September-2024,1885.00,1910.00,1871.05,1897.80,1889.383915698969828829,114447,8025,216234321.00,49019,42.83,38.95,12.80
23-September-2024,1908.55,1918.00,1879.00,1897.00,1894.208714483714483714,173160,8728,328001181.00,113289,65.42,39.00,-11.55
20-September-2024,1911.25,1915.00,1866.95,1906.10,1896.258437361186412940,898237,28257,1703289490.00,147490,16.42,48.05,-5.15
19-September-2024,1918.50,1924.20,1878.25,1894.15,1897.264057073485570273,260296,10634,493850245.00,127892,49.13,45.95,-24.35
18-September-2024,1940.00,1940.00,1882.00,1892.35,1897.419229925935835832,269091,13487,510578438.00,164143,61.00,58.00,-47.65
17-September-2024,1949.75,1958.20,1942.45,1952.65,1952.202802547770700636,70650,2380,137923128.00,47152,66.74,15.75,2.90
16-September-2024,1940.25,1952.00,1932.45,1949.75,1945.469669781830287185,123161,6497,239605990.00,66700,54.16,19.55,9.50
13-September-2024,1950.35,1958.70,1935.45,1944.30,1950.347642373954480322,300090,9679,585279824.00,137377,45.78,23.25,-6.05
12-September-2024,1921.25,1956.00,1910.80,1950.35,1926.916489346611059097,211482,13909,407508153.00,111895,52.91,45.20,29.10
11-September-2024,1913.00,1926.00,1904.85,1910.80,1917.826249939732896195,165928,6700,318221074.00,117210,70.64,21.15,-2.20
10-September-2024,1905.00,1935.00,1896.60,1912.90,1923.543222003929273084,162880,7948,313306720.00,97979,60.15,38.40,7.90
9-September-2024,1885.05,1920.50,1885.05,1894.70,1911.292815183009489380,221300,11332,422969100.00,132402,59.83,35.45,9.65
6-September-2024,1931.15,1935.90,1896.70,1902.20,1907.259554753921903750,274994,17270,524484934.00,,,39.20,-28.95
5-September-2024,1923.15,1938.90,1910.05,1933.00,1919.999394100451767207,94075,5170,180623943.00,50221,53.38,28.85,9.85
4-September-2024,1907.60,1928.20,1900.75,1922.05,1908.907791043367467321,105955,4815,202258325.00,60379,56.99,27.45,14.45
3-September-2024,1964.90,1965.00,1936.00,1940.20,1953.478661095940638960,103637,4867,202452668.00,63535,61.31,29.00,-24.70
2-September-2024,1943.00,1975.05,1942.95,1964.10,1961.425164854043053665,151346,7223,296853853.00,88294,58.34,32.10,21.10
30-August-2024,1943.90,1950.00,1928.15,1943.30,1936.903880689535721122,219394,12807,424945090.00,40480,18.45,21.85,-0.60
29-August-2024,1935.00,1950.00,1920.60,1932.40,1936.958886042263631217,171353,11787,331903716.00,90420,52.77,29.40,-2.60
28-August-2024,1904.50,1950.20,1896.90,1939.20,1934.058905972427624746,336061,17662,649961770.00,190862,56.79,53.30,34.70
27-August-2024,1881.70,1902.00,1874.00,1900.15,1895.296143271727508782,130940,7851,248170077.00,91298,69.72,28.00,18.45
26-August-2024,1870.00,1888.35,1866.75,1875.95,1879.866303554848123093,120624,8452,226756993.00,77291,64.08,21.60,5.95
23-August-2024,1878.95,1880.25,1856.55,1862.35,1863.670303747950267046,322603,12535,601225631.00,93469,28.97,23.70,-16.60
22-August-2024,1882.35,1893.30,1869.90,1879.95,1881.074743592881795706,81706,6368,153695093.00,28813,35.26,23.40,-2.40
21-August-2024,1874.00,1879.95,1866.65,1872.25,1871.327699314002421167,86735,5632,162309608.00,53010,61.12,13.30,-1.75
20-August-2024,1880.05,1885.70,1868.35,1873.50,1877.283314781516682364,70074,3408,131548751.00,44542,63.56,17.35,-6.55
