# CSV-File created with merge-csv.com,,,,,,,,,,,,
# -----------------------------------------------------------,,,,,,,,,,,,
,,,,,,,,,,,,
Date,Open Price,High Price,Low Price,Close Price,WAP,No.of Shares,No. of Trades,Total Turnover (Rs.),Deliverable Quantity,% Deli. Qty to Traded Qty,Spread High-Low,Spread Close-Open
20-Aug-25,702.95,702.95,689,689.65,692.3833357,502690,11955,348054179,263729,52.46,13.95,-13.3
19-Aug-25,676.05,703,673.1,700.1,695.177101,1972248,40135,1371061647,879783,44.61,29.9,24.05
18-Aug-25,674.15,684.95,672.7,676.4,678.8881821,470828,11717,319639565,192059,40.79,12.25,2.25
14-Aug-25,666.95,666.95,657.9,664.55,662.2491993,210137,5960,139163060,81637,38.85,9.05,-2.4
13-Aug-25,656.2,666.95,656.2,663.6,663.6008353,1399718,8931,928854034,1161149,82.96,10.75,7.4
12-Aug-25,651.75,660.85,651,653.9,655.5432041,1803626,18144,1182354767,1321018,73.24,9.85,2.15
11-Aug-25,633.05,654.8,627.3,653.8,647.2027962,891851,17629,577208461,307963,34.53,27.5,20.75
08-Aug-25,647.5,653,630.2,633.3,640.5619801,1013744,34416,649365864,550794,54.33,22.8,-14.2
07-Aug-25,648.5,651.3,635.8,647.5,641.861053,1227857,38585,788113587,597862,48.69,15.5,-1
06-Aug-25,655.85,657.95,650.45,653.05,653.3311561,669817,18031,437612315,348792,52.07,7.5,-2.8
05-Aug-25,655.25,659,650.45,654.6,653.86539,756422,20325,494598166,397817,52.59,8.55,-0.65
04-Aug-25,649.05,656.7,645.65,653.65,653.3785699,600053,15591,392061771,387516,64.58,11.05,4.6
01-Aug-25,667.4,668.95,647.2,648.75,651.3455608,5379025,51772,3503604055,4041174,75.13,21.75,-18.65
31-Jul-25,660,673.4,652.05,666.05,665.5709936,841456,18944,560048706,367851,43.72,21.35,6.05
30-Jul-25,691.95,691.95,665.45,668.4,669.5556198,1485586,47098,994682455,744059,50.09,26.5,-23.55
29-Jul-25,682.3,694.1,680.95,692.4,688.1714047,449521,14167,309347498,219973,48.93,13.15,10.1
28-Jul-25,688.35,700.6,678.8,682.3,689.0887161,667500,12554,459966718,269594,40.39,21.8,-6.05
25-Jul-25,700.6,702.05,685,687.3,690.9783175,993381,24535,686404732,532088,53.56,17.05,-13.3
24-Jul-25,693,706.5,692.95,700.6,702.1961697,1423446,29033,999538329,692038,48.62,13.55,7.6
23-Jul-25,677.5,692.95,676.65,690.2,688.6211249,674531,12635,464496296,242657,35.97,16.3,12.7
22-Jul-25,688.15,688.45,672.5,673.3,677.7784468,388954,10339,263624638,165084,42.44,15.95,-14.85
21-Jul-25,682.65,688.65,671.25,687.3,681.1884786,352178,8893,239899596,132211,37.54,17.4,4.65
18-Jul-25,683.3,685.85,678,680.15,681.7118968,488863,13952,333263723,210759,43.11,7.85,-3.15
17-Jul-25,679.3,686.75,677.95,681.75,683.4365967,689822,13924,471449600,354098,51.33,8.8,2.45
16-Jul-25,684,684,676.35,679,678.967541,559167,16407,379656243,301214,53.87,7.65,-5
15-Jul-25,674.65,686.3,674.6,684.95,681.0258261,337604,8342,229917043,134086,39.72,11.7,10.3
14-Jul-25,681.75,681.75,672.05,674.5,676.8389939,432729,10467,292887861,221997,51.3,9.7,-7.25
11-Jul-25,691.3,698.5,677.25,681.6,687.8356102,361537,10438,248678023,148890,41.18,21.25,-9.7
10-Jul-25,692.4,696.3,685.05,695.5,691.3765672,976211,22180,674929410,556260,56.98,11.25,3.1
09-Jul-25,688.6,695,688.6,692.85,692.089588,720041,15614,498332879,363877,50.54,6.4,4.25
08-Jul-25,691.4,696.9,687.2,693.25,691.9507845,1366744,24493,945719583,529285,38.73,9.7,1.85
07-Jul-25,693.85,693.85,683.7,688.85,688.7724315,402068,8584,276933354,202822,50.44,10.15,-5
04-Jul-25,690.4,693.2,686.2,688.95,688.8520099,666288,18546,458973828,280798,42.14,7,-1.45
03-Jul-25,694.5,696.85,688.7,690.4,692.6910713,536755,10217,371805396,237265,44.2,8.15,-4.1
02-Jul-25,683.95,692,680.7,688.4,687.7362865,1052411,21640,723781233,441672,41.97,11.3,4.45
01-Jul-25,688.1,693.8,680.35,683.95,686.4345144,1043986,26573,716628023,327898,31.41,13.45,-4.15
30-Jun-25,689.9,691.95,685,688.05,688.8274644,628166,11559,432697993,342886,54.59,6.95,-1.85
27-Jun-25,684.15,691,683.1,686.7,688.1378111,751398,17880,517065375,360211,47.94,7.9,2.55
26-Jun-25,676.95,683.75,674.65,683,679.3744691,481057,8807,326817844,228678,47.54,9.1,6.05
25-Jun-25,676.05,678.8,673.4,674.4,675.9227638,515678,10532,348558499,292663,56.75,5.4,-1.65
24-Jun-25,677.3,686.6,672.45,673.55,679.8987851,1195970,25554,813138550,426816,35.69,14.15,-3.75
23-Jun-25,671.4,675.7,666.25,671.3,671.4238546,590738,9551,396635585,323900,54.83,9.45,-0.1
20-Jun-25,674.75,678.85,670.2,676.1,675.4725734,394252,8813,266306413,157057,39.84,8.65,1.35
19-Jun-25,671.25,676,666.8,672.2,671.4710781,479290,11526,321829373,185749,38.76,9.2,0.95
18-Jun-25,673.4,679.45,668,670.1,673.0319933,915974,31444,616479807,388183,42.38,11.45,-3.3
17-Jun-25,687,687.05,672,675,678.1044572,1763584,50808,1195894171,645502,36.6,15.05,-12
16-Jun-25,709.6,714,672.75,686.7,685.2926448,1919077,40137,1315129353,724819,37.77,41.25,-22.9
13-Jun-25,699.5,715,698.4,712.05,706.4632481,888144,13756,627441095,438429,49.36,16.6,12.55
12-Jun-25,736.05,737.75,711.45,715,723.7127513,1006800,17793,728633998,619012,61.48,26.3,-21.05
11-Jun-25,733,743.8,730.25,736.25,736.4746556,702404,13242,517302744,272115,38.74,13.55,3.25
10-Jun-25,718.05,734.65,715.55,732.25,728.9561542,1341770,24220,978091499,523787,39.04,19.1,14.2
09-Jun-25,714.05,726,713.3,717.8,719.7206443,1122526,27027,807905136,473352,42.17,12.7,3.75
06-Jun-25,710,715.8,701.3,711.3,709.503814,670682,10945,475851437,249453,37.19,14.5,1.3
05-Jun-25,712.5,714,704,710.1,709.278047,1154100,24007,818577794,538284,46.64,10,-2.4
04-Jun-25,703,715.5,699,709.95,709.2334535,521500,10072,369865246,189701,36.38,16.5,6.95
03-Jun-25,715.3,718.35,702.6,703.55,707.8646415,635350,14653,449741800,263012,41.4,15.75,-11.75
02-Jun-25,712.25,719.15,707.45,711.4,712.249774,480126,11791,341969635,206690,43.05,11.7,-0.85
30-May-25,724.45,728.25,712.5,719.45,718.7952654,528572,12862,379935051,223054,42.2,15.75,-5
29-May-25,724.4,728.6,719.9,724.45,724.0135091,701749,18129,508075756,278388,39.67,8.7,0.05
28-May-25,718.05,722.35,716.25,717.95,719.2007584,485220,9255,348970592,224441,46.26,6.1,-0.1
27-May-25,729.05,729.55,715.25,716.45,719.5864398,1077976,29437,775696912,543247,50.4,14.3,-12.6
26-May-25,724.95,738,721.4,729.05,732.2797604,727022,15523,532383496,280657,38.6,16.6,4.1
23-May-25,720.9,722.05,715,718.15,718.7984119,612169,15746,440026105,258724,42.26,7.05,-2.75
22-May-25,725.8,725.8,710.2,717.75,716.528919,420641,8884,301401441,154849,36.81,15.6,-8.05
21-May-25,718.9,729.5,718,726.75,724.8933637,466070,8820,337851050,138071,29.62,11.5,7.85
20-May-25,731.5,737.5,717.1,718.75,727.6019992,628436,12150,457251290,198030,31.51,20.4,-12.75
19-May-25,731.75,738.3,727.9,729.2,733.5052358,971683,26678,712734568,409029,42.09,10.4,-2.55
16-May-25,728.6,742,725.55,730.7,733.2433612,1197738,21966,878233437,410224,34.25,16.45,2.1
15-May-25,699.15,729.95,696,728.05,717.5449817,2852461,52803,2046769076,1222649,42.86,33.95,28.9
14-May-25,699.75,708,686,699,696.6613717,2377093,51381,1656028870,787554,33.13,22,-0.75
13-May-25,720.55,726.65,703.5,707.9,715.2177878,2052287,21664,1467832168,1288976,62.81,23.15,-12.65
12-May-25,726.55,732.55,711.1,720.55,720.6317834,1840816,45128,1326550517,683406,37.13,21.45,-6
09-May-25,662.6,710.85,662.6,708.5,700.0605723,2414487,41719,1690287151,753992,31.23,48.25,45.9
08-May-25,700.15,704,677.05,681.9,693.6162865,2247659,46535,1559012889,729353,32.45,26.95,-18.25
07-May-25,640,682.25,639.95,680.5,673.1150057,1590643,27379,1070685672,588854,37.02,42.3,40.5
06-May-25,658.7,663.45,645.5,647.8,653.0514653,1468290,35337,958868936,707685,48.2,17.95,-10.9
05-May-25,660.1,667.5,655.8,661.6,661.0289149,695523,12778,459760814,315364,45.34,11.7,1.5
02-May-25,644.2,660.95,635.75,651.85,652.6931145,883714,13268,576794043,213211,24.13,25.2,7.65
30-Apr-25,666.2,666.6,641.1,644.15,645.6251992,1476219,23589,953084186,934001,63.27,25.5,-22.05
29-Apr-25,670.7,683,661.55,665.6,672.2289554,1233288,29406,829051904,392944,31.86,21.45,-5.1
28-Apr-25,654.8,669.35,652.7,668.35,663.6660031,638985,12100,424072621,242565,37.96,16.65,13.55
25-Apr-25,668.2,673,651.45,654.85,658.1950382,1186311,22117,780824014,573977,48.38,21.55,-13.35
24-Apr-25,660,671,660,668.2,665.7772813,1636176,33780,1089328809,572790,35.01,11,8.2
23-Apr-25,635.05,661.4,632.85,659.9,650.1699478,2208937,50705,1436184454,845386,38.27,28.55,24.85
22-Apr-25,630.8,633.95,626.15,630.95,631.1858501,1343502,24716,847999452,933434,69.48,7.8,0.15
21-Apr-25,625,635.7,620.1,629.95,628.0446687,844193,16156,530190913,342161,40.53,15.6,4.95
17-Apr-25,616.1,626.9,608.3,621.5,619.3173627,1170273,30000,724770388,423340,36.17,18.6,5.4
16-Apr-25,627.7,627.7,613.4,616.1,616.9072816,648458,14530,400038462,280781,43.3,14.3,-11.6
15-Apr-25,612.25,628.05,612.25,621.8,622.5546059,1960419,44351,1220467878,726562,37.06,15.8,9.55
11-Apr-25,610.65,612.65,591.1,595.05,601.3890381,2223520,50262,1337200554,633858,28.51,21.55,-15.6
09-Apr-25,588.9,595,581.2,583,588.1434567,1686551,46809,991933935,787079,46.67,13.8,-5.9
08-Apr-25,592.65,606.4,584.25,588.9,591.9818221,1903190,57107,1126653884,679859,35.72,22.15,-3.75
07-Apr-25,552.5,582,542.55,579.85,561.7692079,6047807,190478,3397471748,2302445,38.07,39.45,27.35
04-Apr-25,650.95,650.95,610.1,613.85,619.5578117,2544217,119005,1576289517,1286422,50.56,40.85,-37.1
03-Apr-25,656.05,669,652.8,654.05,659.4690873,718248,16721,473662353,299656,41.72,16.2,-2
02-Apr-25,676.4,676.4,662,671.8,670.1112657,529723,9132,354973350,292623,55.24,14.4,-4.6
01-Apr-25,670,681.9,665.7,671.4,674.0024021,507047,16793,341750896,149945,29.57,16.2,1.4
28-Mar-25,671.1,684.9,669.15,674.05,675.426207,1599284,41309,1080198326,757727,47.38,15.75,2.95
27-Mar-25,673.95,677.05,661.35,668.6,670.4884726,1752516,35608,1175041776,817546,46.65,15.7,-5.35
26-Mar-25,710.45,717.75,707,707.95,711.8492293,749794,23953,533740281,364763,48.65,10.75,-2.5
25-Mar-25,719.4,722.5,706.35,710.45,714.4602205,549630,15545,392688771,200842,36.54,16.15,-8.95
24-Mar-25,714.95,717.55,702.25,713.4,710.7245009,562815,16749,400006410,207510,36.87,15.3,-1.55
21-Mar-25,693.3,704.9,688.95,702.85,698.4226108,1021602,27367,713509936,447206,43.77,15.95,9.55
20-Mar-25,685,692.85,679,690.15,685.8393251,713951,17432,489655672,441794,61.88,13.85,5.15
19-Mar-25,688.95,688.95,678.8,681.9,681.8132511,425234,11142,289930176,186662,43.9,10.15,-7.05
18-Mar-25,665.7,681.8,664.15,679.8,675.3284893,440745,13093,297647655,202609,45.97,17.65,14.1
17-Mar-25,665.5,666.15,657.5,660.9,661.8662742,449457,10654,297480430,185594,41.29,8.65,-4.6
13-Mar-25,673.3,673.3,649.55,655.4,658.0272164,1189577,26038,782774042,607491,51.07,23.75,-17.9
12-Mar-25,652.4,671.8,652.4,668.45,665.1516191,788852,13428,524706185,211117,26.76,19.4,16.05
11-Mar-25,640,651.15,638.35,647.85,646.7935904,475976,11110,307858226,165654,34.8,12.8,7.85
10-Mar-25,649.3,654,643.2,647.9,648.9506318,774587,25942,502668723,299784,38.7,10.8,-1.4
07-Mar-25,640.5,651.5,635.6,648.45,647.0311482,950874,24792,615245096,320543,33.71,15.9,7.95
06-Mar-25,654.65,656,636,639.75,641.3899752,1129223,36412,724272312,441464,39.09,20,-14.9
05-Mar-25,619,641.8,618.75,640.95,634.3487327,643986,15286,408511703,209872,32.59,23.05,21.95
04-Mar-25,616,629,613,619.15,621.1012159,415093,13510,257814767,144378,34.78,16,3.15
03-Mar-25,621,626.9,606.2,621.1,617.6147467,815993,21558,503969310,312729,38.32,20.7,0.1
28-Feb-25,645.65,645.65,618.45,620.55,628.7666909,1150251,29356,723239515,599008,52.08,27.2,-25.1
27-Feb-25,665.8,665.8,645.9,648.2,652.3302359,879774,40478,573903181,392282,44.59,19.9,-17.6
25-Feb-25,668.95,672.2,660.1,661.75,665.2392968,433704,18670,288516944,129809,29.93,12.1,-7.2
24-Feb-25,670,676.75,666,668.2,671.0343087,377339,18185,253207415,127469,33.78,10.75,-1.8
21-Feb-25,686,690.15,671.3,672.9,676.9707696,1003235,36721,679160770,458414,45.69,18.85,-13.1
20-Feb-25,680.75,692.6,675.3,689.9,687.7356281,595555,11750,409584392,214693,36.05,17.3,9.15
19-Feb-25,680.7,690.9,675.5,680.85,683.699779,475916,10202,325383664,119886,25.19,15.4,0.15
18-Feb-25,687,688,672.5,681.6,678.846697,789939,23339,536247481,373468,47.28,15.5,-5.4
17-Feb-25,679.8,690.6,667,686.5,683.6789381,546636,11788,373723520,151581,27.73,23.6,6.7
14-Feb-25,685.05,691,669.3,680.25,678.2922731,1115354,38189,756536000,429928,38.55,21.7,-4.8
13-Feb-25,687.75,693.2,679.35,683.65,686.7981697,779437,22262,535315905,245432,31.49,13.85,-4.1
12-Feb-25,679.7,687.45,667.4,684.4,678.8374916,729759,17025,495387769,153347,21.01,20.05,4.7
11-Feb-25,696.65,696.65,675,677.7,682.4796262,626711,22086,427717489,284682,45.42,21.65,-18.95
10-Feb-25,711.65,711.65,693.15,695.8,698.5212675,507724,15202,354656012,217287,42.8,18.5,-15.85
07-Feb-25,713.65,715.9,703.3,706.55,709.6802509,418891,10146,297278670,119116,28.44,12.6,-7.1
06-Feb-25,722.25,723.8,707.95,709.55,714.6977664,716459,22741,512051647,257964,36.01,15.85,-12.7
05-Feb-25,711,725.35,710.9,717.2,719.4790516,1091657,30205,785424343,381800,34.97,14.45,6.2
04-Feb-25,696,713.05,693.6,710.7,705.8477948,1283143,34456,905703657,422784,32.95,19.45,14.7
03-Feb-25,701.7,701.7,686,687.45,690.2820061,794536,23759,548453904,361191,45.46,15.7,-14.25
01-Feb-25,724.85,724.85,701.4,706.1,712.6228284,779653,17123,555598526,227536,29.18,23.45,-18.75
31-Jan-25,706.55,717.05,696.45,716,706.4916751,1708077,42264,1206742181,641694,37.57,20.6,9.45
30-Jan-25,715,715,684.25,697,698.656146,2561730,73751,1789768409,821023,32.05,30.75,-18
29-Jan-25,732.35,755,726.5,752.45,742.2449208,908702,38070,674479444,288107,31.71,28.5,20.1
28-Jan-25,715.6,740.55,707.55,728.45,725.2378003,1183451,35728,858283400,375536,31.73,33,12.85
27-Jan-25,733.9,733.9,709.4,713.15,717.9762887,762378,21778,547369327,345601,45.33,24.5,-20.75
24-Jan-25,752.45,754,732.3,733.9,740.2817564,697262,29996,516170338,219142,31.43,21.7,-18.55
23-Jan-25,743,759.85,739.65,752.55,751.5900584,616256,21123,463171883,161835,26.26,20.2,9.55
22-Jan-25,766.2,766.2,731.1,742.95,742.7198614,519550,12674,385880104,142465,27.42,35.1,-23.25
21-Jan-25,775.75,786.6,758.1,759.95,770.8144776,806641,23862,621770561,226818,28.12,28.5,-15.8
20-Jan-25,784.75,784.75,767,774.2,774.09312,289970,9228,224463782,87841,30.29,17.75,-10.55
17-Jan-25,774.4,785.2,772,779.4,780.0163846,524334,16240,408989111,177153,33.79,13.2,5
16-Jan-25,770.75,780.95,768,774.4,774.7587947,370365,8616,286943541,110731,29.9,12.95,3.65
15-Jan-25,773.65,780,756.45,763.45,767.076054,804139,23501,616835771,285156,35.46,23.55,-10.2
14-Jan-25,751,779,751,770.6,772.8009297,805851,16345,622762402,303760,37.69,28,19.6
13-Jan-25,769.8,773.35,748.85,750.75,762.2023181,489284,12703,372933399,101551,20.76,24.5,-19.05
10-Jan-25,780.05,787.8,767.1,774.45,778.8524691,536247,10981,417657300,88876,16.57,20.7,-5.6
09-Jan-25,798.95,809.95,769.65,780.05,784.5266346,820681,30547,643846103,230799,28.12,40.3,-18.9
08-Jan-25,792,797,781.75,794.85,789.6870899,1009226,36461,796972743,340177,33.71,15.25,2.85
07-Jan-25,771,797,771,793.4,786.0629102,678173,13986,533086642,116416,17.17,26,22.4
06-Jan-25,796.2,797.3,765.05,775.95,783.2746458,1509617,53058,1182444721,681720,45.16,32.25,-20.25
03-Jan-25,767.95,800.5,761.9,790.4,786.9311,1351510,29060,1063545251,332911,24.63,38.6,22.45
02-Jan-25,759.3,767,749.5,764.95,757.2510182,1101004,41511,833736400,376879,34.23,17.5,5.65
01-Jan-25,741.6,750.9,736.25,749.25,743.3289639,518908,19027,385719346,156653,30.19,14.65,7.65
31-Dec-24,733.65,743.25,732.8,740.7,738.4073993,638062,22168,471149702,190672,29.88,10.45,7.05
30-Dec-24,753.5,754.05,730.8,733.75,742.7270979,743197,34478,551992551,305735,41.14,23.25,-19.75
27-Dec-24,747.85,766.75,745.7,750.55,756.6796522,1236628,38532,935731245,341066,27.58,21.05,2.7
26-Dec-24,737.65,747.6,736,740.8,741.2198546,756741,29220,560911454,248914,32.89,11.6,3.15
24-Dec-24,723.95,745,722.5,736.35,736.0809339,970730,31326,714535845,255595,26.33,22.5,12.4
23-Dec-24,733.75,733.75,718,722.5,726.8423934,507834,16453,369115280,211070,41.56,15.75,-11.25
20-Dec-24,745,749.45,721.55,724,733.6887816,1433556,75045,1051783955,607368,42.37,27.9,-21
19-Dec-24,742,755.8,741.35,744.3,746.6768357,1095480,61940,817969540,527273,48.13,14.45,2.3
18-Dec-24,775.95,775.95,754,755.7,761.4208741,722551,21209,550165414,286785,39.69,21.95,-20.25
17-Dec-24,785,796.5,778,779.35,786.3317422,365353,10141,287288661,115001,31.48,18.5,-5.65
16-Dec-24,790,794,783,784.7,786.8541015,491602,24299,386819050,214239,43.58,11,-5.3
13-Dec-24,792.35,792.4,775,790.6,785.8061583,508033,13403,399215460,169436,33.35,17.4,-1.75
12-Dec-24,803,803,784.95,786.3,789.7340999,526867,14145,416084836,233042,44.23,18.05,-16.7
11-Dec-24,803.9,806.8,798.05,799,802.7243931,627361,19974,503597978,244814,39.02,8.75,-4.9
10-Dec-24,805.75,810.45,797.55,800,803.2353776,840713,25913,675290424,299334,35.6,12.9,-5.75
09-Dec-24,821.95,821.95,796.65,798.9,807.9105267,605611,17093,489279502,250917,41.43,25.3,-23.05
06-Dec-24,794.45,818.7,785.15,816.75,803.7147537,1555873,41269,1250478085,595097,38.25,33.55,22.3
05-Dec-24,791.65,797.3,780.9,792.55,789.0074711,866408,29388,683602385,243650,28.12,16.4,0.9
04-Dec-24,806.5,806.5,784,788.25,792.4460772,415446,13290,329218553,149087,35.89,22.5,-18.25
03-Dec-24,793.95,805.9,789.95,801.15,798.0876813,310853,10034,248087950,102971,33.13,15.95,7.2
02-Dec-24,787.35,796.5,785,789.95,790.419263,819147,27042,647469568,285480,34.85,11.5,2.6
29-Nov-24,780.4,789.2,777,786.85,784.1844619,904317,27286,709151340,260329,28.79,12.2,6.45
28-Nov-24,782.95,792.6,778.3,779.85,785.1398794,821136,33425,644706620,293881,35.79,14.3,-3.1
27-Nov-24,785.95,791.8,779.25,784.35,785.6105605,590808,24945,464145004,225155,38.11,12.55,-1.6
26-Nov-24,797.8,801.8,780.55,783.25,790.6549431,719632,30976,568980598,272206,37.83,21.25,-14.55
25-Nov-24,809.35,810,793.65,796.8,802.0949735,712946,28119,571850403,258159,36.21,16.35,-12.55
22-Nov-24,775.15,794,775.15,791.25,784.6462318,567691,16195,445436604,162763,28.67,18.85,16.1
21-Nov-24,787.7,787.7,766.4,773.7,775.785195,1054333,37146,817935932,316931,30.06,21.3,-14
19-Nov-24,772.05,799.5,772.05,783.4,790.1789939,1052142,38105,831380507,329733,31.34,27.45,11.35
18-Nov-24,778.5,781.7,759.1,772.05,769.8413817,758355,38684,583813061,293370,38.68,22.6,-6.45
14-Nov-24,787,792,771.6,774.25,779.8698793,1229551,59140,958889790,437634,35.59,20.4,-12.75
13-Nov-24,785.8,792.6,775.45,786.4,785.2002445,1443625,59320,1133534703,528447,36.61,17.15,0.6
12-Nov-24,805,813.45,783,784.95,792.6997812,1615462,97509,1280576374,757467,46.89,30.45,-20.05
11-Nov-24,800.05,831.2,791.7,804.75,816.8991882,2173575,81260,1775591653,586112,26.97,39.5,4.7
08-Nov-24,821.05,823.15,801.1,805.7,807.3914062,1550591,71332,1251933848,631527,40.73,22.05,-15.35
07-Nov-24,842.25,842.85,817.65,819.8,826.5766386,685131,22830,566313279,267414,39.03,25.2,-22.45
06-Nov-24,848.7,848.7,826,839.6,836.5959308,695814,16173,582115161,255053,36.66,22.7,-9.1
05-Nov-24,822.15,843.3,820.7,835.45,832.228548,888400,33247,739351842,292021,32.87,22.6,13.3
04-Nov-24,843.45,843.9,814.85,824.1,823.1756726,1253895,75522,1032175860,573970,45.77,29.05,-19.35
01-Nov-24,849,849,838.9,843.6,844.6370852,411981,32161,347974431,254525,61.78,10.1,-5.4
31-Oct-24,847.55,847.55,832.05,834.1,835.8691463,832204,42617,695613647,349694,42.02,15.5,-13.45
30-Oct-24,848.3,853.75,838.25,840.3,846.5181241,1079913,44595,914165927,494480,45.79,15.5,-8
29-Oct-24,884.95,884.95,826.05,843.05,843.3915654,1926853,108973,1625091568,868238,45.06,58.9,-41.9
28-Oct-24,864.35,886.85,860.1,878.7,874.9561546,690677,33693,604312092,270994,39.24,26.75,14.35
25-Oct-24,884.7,885.4,857.15,864.35,866.3896883,424665,21338,367925377,154945,36.49,28.25,-20.35
24-Oct-24,875.8,889.9,875.6,879.75,882.8331242,258222,9306,227966935,69701,26.99,14.3,3.95
23-Oct-24,879.95,885.5,863.75,877.25,876.112819,424122,16218,371578721,131248,30.95,21.75,-2.7
22-Oct-24,905,905.75,875.15,879.3,886.4497078,552481,22603,489746621,209455,37.91,30.6,-25.7
21-Oct-24,912.95,917.65,898.3,903.15,904.7785123,354268,11314,320534074,114364,32.28,19.35,-9.8
18-Oct-24,895.4,917.65,886.35,910.05,905.3146522,1132444,40147,1025218146,345770,30.53,31.3,14.65
17-Oct-24,915.35,915.35,890.1,891.7,901.264409,599537,55549,540341360,231434,38.6,25.25,-23.65
16-Oct-24,918,923.25,900.3,907.1,909.3235283,766953,47367,697408408,354329,46.2,22.95,-10.9
15-Oct-24,932,935.4,913,917.45,920.8145178,374203,13611,344571555,143067,38.23,22.4,-14.55
14-Oct-24,930.95,939.6,925.5,928.05,933.2250314,623993,25217,582325887,208468,33.41,14.1,-2.9
11-Oct-24,930.1,936.9,928.65,930.95,931.9734317,539101,22852,502427809,169367,31.42,8.25,0.85
10-Oct-24,933.05,943.95,911.15,928.85,932.1318503,1285261,46754,1198032714,528517,41.12,32.8,-4.2
09-Oct-24,929.95,948.2,925.25,939.15,941.1536399,967945,35290,910984960,363980,37.6,22.95,9.2
08-Oct-24,918.1,925,893.9,919.85,909.2705932,1435568,72932,1305319767,562946,39.21,31.1,1.75
07-Oct-24,940.4,944.2,915.2,928.1,929.1586218,495493,19411,460391593,180345,36.4,29,-12.3
04-Oct-24,933.85,949.2,920,930.7,933.851996,1567350,66171,1463672926,482416,30.78,29.2,-3.15
03-Oct-24,937,950.3,925,926,935.1197798,2260281,148558,2113633471,1265942,56.01,25.3,-11
01-Oct-24,975.25,984.4,958.75,965.35,972.8546298,684583,33042,665999741,305491,44.62,25.65,-9.9
30-Sep-24,992.4,997.75,971.65,974.7,980.8741482,448154,17859,439582673,184993,41.28,26.1,-17.7
27-Sep-24,995.3,1000,989,992.4,994.2618595,844029,29978,839185843,414915,49.16,11,-2.9
26-Sep-24,970.9,995,966.25,993.2,983.767395,860003,23800,846042911,299359,34.81,28.75,22.3
25-Sep-24,982.8,983,959.25,963.5,964.7918414,473072,18568,456416006,203862,43.09,23.75,-19.3
24-Sep-24,974.7,985,972.6,977.1,977.7603011,429564,26191,420010626,149960,34.91,12.4,2.4
23-Sep-24,977.25,979,966.15,971.7,972.5617364,613188,39146,596363186,260868,42.54,12.85,-5.55
20-Sep-24,969.95,977.5,950.05,971.2,967.9621991,1264784,52607,1224263102,343407,27.15,27.45,1.25
19-Sep-24,968.9,978.9,956.55,967.3,967.0579947,829128,45274,801814861,329084,39.69,22.35,-1.6
18-Sep-24,979,984.2,958.1,962.4,971.0199612,713684,38172,693001410,332248,46.55,26.1,-16.6
17-Sep-24,994.5,996.6,959.7,975,969.4948647,5801725,50646,5624742594,2272368,39.17,36.9,-19.5
16-Sep-24,997,999.8,984.25,988.15,990.4179175,577212,32063,571681107,253613,43.94,15.55,-8.85
13-Sep-24,996.35,1005.95,988.35,992.1,994.8160773,635892,20566,632595585,172906,27.19,17.6,-4.25
12-Sep-24,976.5,988.05,958,986.05,972.4398903,1099631,30242,1069325049,278477,25.32,30.05,9.55
11-Sep-24,998.05,1012,972,976,984.3672869,1755625,60733,1728179818,679559,38.71,40,-22.05
10-Sep-24,1049.8,1049.8,1032.55,1035.45,1038.821008,242251,8940,251655428,80410,33.19,17.25,-14.35
09-Sep-24,1049.65,1049.65,1026.5,1038.6,1035.288847,285075,12845,295134968,102533,35.97,23.15,-11.05
06-Sep-24,1070,1073,1040.95,1048.65,1052.142684,531111,23523,558804553,154945,29.17,32.05,-21.35
05-Sep-24,1081,1085.7,1067,1068.65,1076.101787,243725,9358,262272908,90315,37.06,18.7,-12.35
04-Sep-24,1077.85,1085,1072.05,1080.3,1077.997637,312273,15178,336629556,135351,43.34,12.95,2.45
03-Sep-24,1098.35,1099.95,1082.5,1085.55,1089.159694,163600,7580,178186526,68231,41.71,17.45,-12.8
02-Sep-24,1103.6,1104.95,1087.6,1092.5,1094.66122,248096,9375,271581070,92054,37.1,17.35,-11.1
30-Aug-24,1114.05,1115,1097.5,1109.4,1108.166341,578951,19172,641574011,160525,27.73,17.5,-4.65
29-Aug-24,1078,1142,1066.4,1119.65,1103.526691,1397642,40521,1542335251,748890,53.58,75.6,41.65
28-Aug-24,1084.6,1088.2,1070.5,1074.6,1078.685627,230926,7662,249096557,98126,42.49,17.7,-10
27-Aug-24,1095.75,1096.85,1075.1,1077.2,1083.83184,240771,8559,260955276,89877,37.33,21.75,-18.55
26-Aug-24,1090,1103,1083,1092.15,1095.162586,317205,9642,347391048,105082,33.13,20,2.15
23-Aug-24,1071.8,1092.3,1071,1084.9,1083.543382,774166,23357,838842446,276343,35.7,21.3,13.1
22-Aug-24,1090.7,1094,1065.05,1068.6,1074.927239,236226,9670,253925762,95614,40.48,28.95,-22.1
21-Aug-24,1091.4,1095.1,1080,1085.1,1088.290339,228030,7223,248162846,115581,50.69,15.1,-6.3
20-Aug-24,1096.7,1098,1082.2,1086.75,1086.783475,364480,15383,396110841,173833,47.69,15.8,-9.95
19-Aug-24,1106,1106.2,1085.75,1087.85,1091.366175,554502,21984,605164727,211876,38.21,20.45,-18.15
16-Aug-24,1072.85,1100,1069.85,1098.8,1090.711802,600504,17345,654976800,128485,21.4,30.15,25.95
14-Aug-24,1059,1067.15,1046.55,1062,1057.776028,474015,18758,501401704,208221,43.93,20.6,3
13-Aug-24,1076.1,1076.1,1048.2,1053.55,1059.866068,279463,11769,296193351,107618,38.51,27.9,-22.55
12-Aug-24,1062.25,1079.9,1055.05,1076.1,1074.087833,430577,11213,462477517,99038,23,24.85,13.85
09-Aug-24,1059.55,1082.65,1052,1067.45,1070.935223,624743,18791,669059284,166493,26.65,30.65,7.9
08-Aug-24,1035.7,1056.1,1027.05,1041.35,1043.610746,783879,18640,818064548,135333,17.26,29.05,5.65
07-Aug-24,1036.75,1050,1015.1,1025.25,1022.058359,515791,14081,527168503,141438,27.42,34.9,-11.5
06-Aug-24,1026.05,1060.5,1008.45,1013.65,1031.614847,1767022,55803,1822886131,509126,28.81,52.05,-12.4
05-Aug-24,1050.05,1064.95,1014.15,1016.65,1036.996005,3165691,135690,3282808921,1354481,42.79,50.8,-33.4
02-Aug-24,1119,1119,1090.05,1096.9,1101.511212,2016375,76021,2221059670,771814,38.28,28.95,-22.1
01-Aug-24,1166.85,1176.3,1136.55,1144.6,1153.245552,668979,17023,771497056,152914,22.86,39.75,-22.25
31-Jul-24,1168.8,1168.8,1145.8,1156.35,1154.717021,831593,27058,960254592,317097,38.13,23,-12.45
30-Jul-24,1124.05,1179.05,1118.55,1162.25,1160.804014,902513,22607,1047640713,237537,26.32,60.5,38.2
29-Jul-24,1122.85,1140,1118.4,1123.85,1126.669444,901016,45728,1015147196,338826,37.6,21.6,1
26-Jul-24,1105.05,1120,1083.25,1118.4,1103.642866,1731805,52789,1911294233,648379,37.44,36.75,13.35
25-Jul-24,1027.65,1094.1,1026.1,1091.05,1073.62095,1371608,43853,1472587084,372399,27.15,68,63.4
24-Jul-24,999,1034,994.85,1027.65,1023.772377,349758,10416,358072579,121143,34.64,39.15,28.65
23-Jul-24,1005.55,1008.25,967.05,1001.35,993.0715624,342736,12525,340361375,93992,27.42,41.2,-4.2
22-Jul-24,989.85,1008,977,1002.9,994.6014204,302158,9418,300526776,91449,30.27,31,13.05
19-Jul-24,1024.75,1024.75,986.55,989.9,1002.459155,917322,41393,919577837,396008,43.17,38.2,-34.85
18-Jul-24,1022.2,1026.85,1007.85,1025.1,1018.425196,285619,10493,290881586,115757,40.53,19,2.9
16-Jul-24,1025.75,1029.5,1019.35,1021.1,1023.66462,189615,6346,194102167,75056,39.58,10.15,-4.65
15-Jul-24,1020.45,1029.55,1017.2,1024.3,1025.393414,224603,7500,230306437,103881,46.25,12.35,3.85
12-Jul-24,1022.65,1025.85,1014.45,1016.6,1020.397258,633079,22535,645992076,233297,36.85,11.4,-6.05
11-Jul-24,1008.9,1025.45,1007.6,1020.75,1019.986589,390361,13486,398162985,188804,48.37,17.85,11.85
10-Jul-24,1016.8,1020,986.8,1005.45,1005.582113,350650,10697,352607368,111124,31.69,33.2,-11.35
09-Jul-24,1002.25,1017.35,998.2,1014.75,1010.338755,378335,10667,382246513,169092,44.69,19.15,12.5
08-Jul-24,1003.5,1016,996.3,1002.35,1006.527358,1219765,41416,1227726843,744655,61.05,19.7,-1.15
05-Jul-24,999.75,1006,990,993.7,996.6229464,1212000,42942,1207907011,498940,41.17,16,-6.05
04-Jul-24,984.4,1004,980,999.05,993.3863523,1353037,38010,1344088490,793493,58.65,24,14.65
03-Jul-24,984.05,986.85,974,975.65,977.3914802,303599,10437,296735076,109354,36.02,12.85,-8.4
02-Jul-24,1005.05,1005.05,979.45,980.95,987.8655752,757122,19144,747934760,325735,43.02,25.6,-24.1
01-Jul-24,990,1005,985.2,1001.65,996.0353097,1339775,50073,1334463207,898956,67.1,19.8,11.65
28-Jun-24,975,998.6,972.1,990.1,990.7961544,1337488,36705,1325177967,625218,46.75,26.5,15.1
27-Jun-24,952.7,974.7,948.5,972,957.3254607,762172,14934,729646661,487400,63.95,26.2,19.3
26-Jun-24,956,962.25,950,951.75,955.3327769,415753,11270,397182468,238429,57.35,12.25,-4.25
25-Jun-24,960,963.35,949.5,954.85,954.2932715,630392,25132,601578844,296720,47.07,13.85,-5.15
24-Jun-24,961.95,963.4,950.15,958.25,957.9073111,246092,9678,235733326,95643,38.86,13.25,-3.7
21-Jun-24,979.9,981,958,961.05,966.1319798,905646,29583,874973563,212071,23.42,23,-18.85
20-Jun-24,981.2,988.1,976.75,978.1,981.7566558,532805,18473,523084855,244648,45.92,11.35,-3.1
19-Jun-24,990.9,994.9,975.55,977.4,983.4298945,312686,10619,307504760,119463,38.21,19.35,-13.5
18-Jun-24,998.7,1003.45,984.1,985.65,992.8411267,351324,14423,348808916,141473,40.27,19.35,-13.05
14-Jun-24,991,997,981.4,993.4,989.4314682,404491,10714,400216124,109581,27.09,15.6,2.4
13-Jun-24,1001.4,1001.4,980.55,985.75,988.9346502,450162,11774,445180800,144067,32,20.85,-15.65
12-Jun-24,995.6,1010,987,988.6,997.1089338,1408984,37988,1404910534,538870,38.25,23,-7
11-Jun-24,973.95,992.65,966.75,987.1,984.6613341,571900,16937,563127817,216764,37.9,25.9,13.15
10-Jun-24,978.8,985,969.15,974.8,975.7460038,413081,13425,403062135,160637,38.89,15.85,-4
07-Jun-24,940,972.95,935.3,970.4,962.5147112,1068469,29163,1028417131,240515,22.51,37.65,30.4
06-Jun-24,944.4,946,931.5,938.15,939.6483279,446996,12936,420019044,185565,41.51,14.5,-6.25
05-Jun-24,922.3,933.75,890,929.9,915.4301222,1228258,54181,1124384371,469743,38.24,43.75,7.6
04-Jun-24,952.95,952.95,855.45,904.15,901.0477169,3524221,180417,3175491286,1511476,42.89,97.5,-48.8
03-Jun-24,964.35,964.35,934,950.5,946.129431,611484,18785,578543009,203629,33.3,30.35,-13.85
31-May-24,930.9,937.4,920,922.85,927.7017334,1091292,51593,1012393480,418043,38.31,17.4,-8.05
30-May-24,942.55,951.45,921.5,924.15,933.0714458,919480,51943,857940533,497929,54.15,29.95,-18.4
29-May-24,947.7,950.2,938.8,943.65,943.9019439,244360,9132,230651879,90877,37.19,11.4,-4.05
28-May-24,960,962,946.1,947.3,952.8927138,224987,9976,214388473,100380,44.62,15.9,-12.7
27-May-24,967.95,967.95,952,958,960.7328148,859520,30592,825769069,451540,52.53,15.95,-9.95
24-May-24,964.7,970.8,958,960.75,965.727464,401991,14048,388213749,132695,33.01,12.8,-3.95
23-May-24,950,963,945.25,962.05,954.1921929,359571,11792,343099841,130600,36.32,17.75,12.05
22-May-24,952,955,942.75,947.4,948.6980397,302914,11327,287373918,125557,41.45,12.25,-4.6
21-May-24,957.85,957.85,949,951.15,952.6089347,438896,15356,418096251,198682,45.27,8.85,-6.7
18-May-24,950.7,958,947,952.95,950.5102114,249036,11619,236711261,173415,69.63,11,2.25
17-May-24,945,953.75,941.25,945.75,946.911473,673840,23408,638066827,197311,29.28,12.5,0.75
16-May-24,954.65,954.65,919,936.35,933.2866235,1226843,40493,1144996161,430977,35.13,35.65,-18.3
15-May-24,972.65,973,945.1,947.2,955.7623133,1588448,78834,1518178735,784072,49.36,27.9,-25.45
14-May-24,966.05,968,953.55,964.7,961.1687577,871806,31595,837952690,379505,43.53,14.45,-1.35
13-May-24,1010.3,1010.3,948,959.55,964.6225823,4451744,204805,4294252793,2096528,47.09,62.3,-50.75
10-May-24,1039.2,1050,1030.75,1046.85,1042.698793,792542,20266,826382587,207662,26.2,19.25,7.65
09-May-24,1012.2,1042.95,1007.75,1030.15,1031.006426,1731104,57130,1784779348,899754,51.98,35.2,17.95
08-May-24,987.7,1015,977.75,1012.2,1001.853371,417305,10938,418078421,94258,22.59,37.25,24.5
07-May-24,1016,1017.45,982.25,988.2,996.1739249,337111,17386,335821188,139429,41.36,35.2,-27.8
06-May-24,1017.1,1020,1004.45,1015.8,1012.643822,525349,21106,531991419,250676,47.72,15.55,-1.3
03-May-24,1037.7,1040,996,1013.8,1018.651243,996767,40958,1015357944,341611,34.27,44,-23.9
02-May-24,1018.9,1029.95,1012,1027.95,1023.791192,360973,11196,369560978,124715,34.55,17.95,9.05
30-Apr-24,1005,1019.55,999,1007.85,1013.722475,282403,8542,286278268,96437,34.15,20.55,2.85
29-Apr-24,1004.15,1005.5,999.15,1000.45,1001.514633,147581,6455,147804531,74598,50.55,6.35,-3.7
26-Apr-24,1005.25,1007.55,996.7,999.35,1001.21341,282091,11015,282433292,89092,31.58,10.85,-5.9
25-Apr-24,994,1003.2,991,1000.8,995.5588959,290886,10388,289594145,143049,49.18,12.2,6.8
24-Apr-24,993.7,996.2,988,991.6,991.4579751,183427,5767,181860162,65190,35.54,8.2,-2.1
23-Apr-24,976.6,994.65,974.05,986.6,985.4054794,505969,17352,498584625,215330,42.56,20.6,10
22-Apr-24,979.4,979.4,965.95,973.55,971.5647316,527555,21227,512553832,213262,40.42,13.45,-5.85
19-Apr-24,965,967.9,943.95,963.2,956.3905822,1516408,62602,1450278330,529185,34.9,23.95,-1.8
18-Apr-24,997,1003.05,966.45,971.4,987.595104,396524,16211,391605161,187119,47.19,36.6,-25.6
16-Apr-24,990.7,1004.55,982.7,992.45,994.8162408,335575,11595,333835460,123545,36.82,21.85,1.75
15-Apr-24,997.95,1006.95,978.8,998.7,996.2413262,555439,18314,553351286,197819,35.61,28.15,0.75
12-Apr-24,1015.5,1029.25,1013.5,1018.35,1022.445286,439390,15043,449252234,104413,23.76,15.75,2.85
10-Apr-24,1012.9,1021,1010,1013.15,1013.454633,160151,6592,162305773,55439,34.62,11,0.25
09-Apr-24,1021.95,1029.6,1005,1008.2,1017.41243,343498,9045,349479135,103238,30.05,24.6,-13.75
08-Apr-24,1010.2,1016,1004.05,1012.95,1011.3282,191475,6347,193644067,72492,37.86,11.95,2.75
05-Apr-24,1012,1012.05,1004.45,1007.05,1007.718043,384700,16038,387669131,167781,43.61,7.6,-4.95
04-Apr-24,1016,1017,998.25,1012.05,1009.251081,282849,8326,285465659,86785,30.68,18.75,-3.95
03-Apr-24,1005,1014,992.25,1009.05,1005.368039,298767,8329,300370793,84179,28.18,21.75,4.05
02-Apr-24,999.7,1008,993.25,1004.3,1001.539203,271419,7674,271836769,76001,28,14.75,4.6
01-Apr-24,1000,1009.75,987.1,992.1,1000.246428,791404,27793,791599024,423720,53.54,22.65,-7.9
28-Mar-24,983.4,999.5,979,993,990.4070621,713326,20780,706483108,355543,49.84,20.5,9.6
27-Mar-24,993.2,995,976.9,978.8,987.5414882,215266,7815,212584106,77634,36.06,18.1,-14.4
26-Mar-24,977.5,994.95,976.4,986.05,988.0417524,273613,8171,270341068,90819,33.19,18.55,8.55
22-Mar-24,965.9,986.25,950.5,979.55,972.7761773,497273,13521,483735328,113013,22.73,35.75,13.65
21-Mar-24,950.1,968.9,945.95,964.85,958.7899282,711890,20128,682552962,263277,36.98,22.95,14.75
20-Mar-24,961,965,921.25,940.7,940.7625696,426188,11990,400941718,104615,24.55,43.75,-20.3
19-Mar-24,970.55,970.55,951.95,957.55,960.8057741,273218,13744,262509432,89381,32.71,18.6,-13
18-Mar-24,946,974.4,936.85,972.2,960.3487049,1061895,26916,1019789488,602120,56.7,37.55,26.2
15-Mar-24,969.65,980,940.1,946.2,953.4398022,1133364,46058,1080594348,390683,34.47,39.9,-23.45
14-Mar-24,968.95,982,955.9,967.8,968.1069294,626086,20116,606118195,228273,36.46,26.1,-1.15
13-Mar-24,1017.75,1021.45,964,973.05,989.8167758,1868951,78196,1849919053,940830,50.34,57.45,-44.7
12-Mar-24,1028,1037,1011.2,1016.6,1022.633998,633568,25158,647908177,280252,44.23,25.8,-11.4
11-Mar-24,1037,1037,1021,1028,1028.29597,763675,29141,785283925,366121,47.94,16,-9
07-Mar-24,1026.85,1046.85,1014,1039.35,1033.818764,790978,18604,817727898,132958,16.81,32.85,12.5
06-Mar-24,1029.95,1030.6,1009,1017.6,1018.136064,1148559,37988,1169389340,360698,31.4,21.6,-12.35
05-Mar-24,1031.7,1065.6,1005.35,1021.95,1035.303371,4240454,109736,4390156319,901977,21.27,60.25,-9.75
04-Mar-24,992.95,995.75,980,987.2,987.2573377,655419,25293,647067217,297214,45.35,15.75,-5.75
02-Mar-24,988.9,992.8,981.75,988.4,988.4970582,66457,3354,65692549,44894,67.55,11.05,-0.5
01-Mar-24,957.05,979.9,957.05,977.2,973.7256955,1152398,31399,1122119544,557044,48.34,22.85,20.15
29-Feb-24,959,959,943.1,950.8,952.2110765,236483,8761,225181732,75462,31.91,15.9,-8.2
28-Feb-24,966.75,976.3,950.15,957.75,964.6767926,1122864,32920,1083200842,367641,32.74,26.15,-9
27-Feb-24,937.7,965,935.05,962.75,953.7451406,552128,20036,526589397,182577,33.07,29.95,25.05
26-Feb-24,938.35,944.75,931.9,936.7,939.4871284,210657,6982,197909540,71223,33.81,12.85,-1.65
23-Feb-24,932.9,939.9,929.45,937.15,936.0646142,365771,10289,342385290,74903,20.48,10.45,4.25
22-Feb-24,924.95,933.85,914.45,932.1,923.7638347,406224,15753,375255040,174323,42.91,19.4,7.15
21-Feb-24,926.5,937.2,916.55,921.05,927.4314329,484474,18012,449316416,176268,36.38,20.65,-5.45
20-Feb-24,935.7,935.7,921,926.4,926.6406918,189709,6640,175792079,79984,42.16,14.7,-9.3
19-Feb-24,945.3,945.3,931.05,932.55,934.1419684,446515,19285,417108401,202038,45.25,14.25,-12.75
16-Feb-24,925.95,948.5,925,938.75,940.8553831,566794,14138,533271186,125597,22.16,23.5,12.8
15-Feb-24,924.7,927,916.5,920.2,921.4511666,442218,14291,407482292,188237,42.57,10.5,-4.5
14-Feb-24,900,920,894.15,918.3,907.4796217,524505,18736,475977599,206375,39.35,25.85,18.3
13-Feb-24,911,918.55,894,906.9,907.452748,341848,9226,310210907,106725,31.22,24.55,-4.1
12-Feb-24,917,925,908.15,911.25,916.186628,269070,9373,246518336,94721,35.2,16.85,-5.75
09-Feb-24,927.7,927.7,906.05,914.95,914.7964516,897703,36241,821215519,339556,37.82,21.65,-12.75
08-Feb-24,937.7,939.75,918.7,924.45,927.5558113,380102,11333,352565819,146920,38.65,21.05,-13.25
07-Feb-24,943.55,944.55,928.25,933.55,936.0894971,390616,13102,365651535,156794,40.14,16.3,-10
06-Feb-24,939,941,928.4,939.45,936.9908332,916894,30384,859121273,376555,41.07,12.6,0.45
05-Feb-24,942,949.6,915.2,926.8,935.4361203,2818087,68386,2636140370,880542,31.25,34.4,-15.2
02-Feb-24,886.8,895.75,876.8,878.8,885.9786778,741857,20274,657269484,192953,26.01,18.95,-8
01-Feb-24,901.9,901.9,876.1,878.35,886.7330602,1071249,34178,949911904,337620,31.52,25.8,-23.55
31-Jan-24,866.65,896.65,865.45,884.2,882.313787,1451000,40244,1280237305,401651,27.68,31.2,17.55
30-Jan-24,842.8,886.3,842.8,859.25,863.4311423,759508,28430,655782860,162808,21.44,43.5,16.45
29-Jan-24,813.75,843.7,811,840.85,830.4197077,547076,13431,454302692,194905,35.63,32.7,27.1
25-Jan-24,813.9,813.9,800.3,811.45,809.2797615,532450,20533,430901009,169558,31.84,13.6,-2.45
24-Jan-24,803,812,789,810.9,802.526046,375528,11551,301371001,97189,25.88,23,7.9
23-Jan-24,824,827.7,796.3,800.4,813.2508659,1093429,42566,889232081,660014,60.36,31.4,-23.6
20-Jan-24,826.75,826.75,817.5,819,821.5967121,164907,4655,135487049,70604,42.81,9.25,-7.75
19-Jan-24,824.85,825.65,819.6,823.3,822.5938781,663451,15049,545750731,138821,20.92,6.05,-1.55
18-Jan-24,808,822.5,796.85,818.9,811.7521615,930961,31024,755709604,399712,42.94,25.65,10.9
17-Jan-24,813.8,813.8,803.4,805.55,808.3848932,688022,31766,556186591,322129,46.82,10.4,-8.25
16-Jan-24,814.75,827,812.75,818.9,821.2367918,392615,10629,322429883,137445,35.01,14.25,4.15
15-Jan-24,821.95,821.95,810.85,812.35,814.7626453,276367,11107,225173508,139758,50.57,11.1,-9.6
12-Jan-24,818.95,818.95,809.5,816.25,815.419901,1029657,28791,839602809,257930,25.05,9.45,-2.7
11-Jan-24,812.55,817.4,809,815.85,812.9432332,650222,12533,528593575,300603,46.23,8.4,3.3
10-Jan-24,799.8,810.75,792.8,808.25,803.0371991,384042,10073,308400012,122954,32.02,17.95,8.45
09-Jan-24,799.1,809,793.7,799.5,801.6778822,560888,12369,449651504,162255,28.93,15.3,0.4
08-Jan-24,798.85,800.15,787.6,789.05,794.10873,693387,10093,550624670,464049,66.92,12.55,-9.8
05-Jan-24,800,805.85,787.2,790.55,794.2938861,908403,19536,721538949,242971,26.75,18.65,-9.45
04-Jan-24,797.25,801.85,791.35,795.65,796.6787902,652726,13368,520012960,243957,37.38,10.5,-1.6
03-Jan-24,786,790,776.2,781.35,781.979135,652481,23818,510226528,256745,39.35,13.8,-4.65
02-Jan-24,800.65,804,779.15,784.55,788.8303791,604902,16330,477165074,202624,33.5,24.85,-16.1
01-Jan-24,786.7,798.5,781.4,790.5,791.7333989,1067010,33461,844787454,370997,34.77,17.1,3.8
29-Dec-23,756.45,802.6,753.9,780.75,784.4817157,3504270,82909,2749035742,813151,23.2,48.7,24.3
28-Dec-23,743.4,757.85,739,754.2,747.0179671,430065,10966,321266282,135694,31.55,18.85,10.8
27-Dec-23,727.35,741.8,725.1,740.6,735.3432517,1164067,34191,855988813,614425,52.78,16.7,13.25
26-Dec-23,727,727.8,716.6,719.65,721.3263546,577179,9519,416334424,391655,67.86,11.2,-7.35
22-Dec-23,717,731,712.05,724.6,725.2338343,941329,15380,682683640,120145,12.76,18.95,7.6
21-Dec-23,702.45,711.9,695.9,708.75,705.8217958,364318,9975,257143585,132647,36.41,16,6.3
20-Dec-23,730.05,732.95,703,704.95,715.2035612,999277,36954,714686469,540645,54.1,29.95,-25.1
19-Dec-23,733.45,733.45,726.1,729.2,729.129222,202628,6084,147741996,76658,37.83,7.35,-4.25
18-Dec-23,733.8,734.85,728,730.6,731.6614369,554393,18562,405627979,314672,56.76,6.85,-3.2
15-Dec-23,724,734.05,721.25,732.4,728.434616,621031,12689,452380478,206840,33.31,12.8,8.4
14-Dec-23,725,725,718.4,719.65,720.8188354,299733,6997,216053192,150374,50.17,6.6,-5.35
13-Dec-23,716.8,721.2,713.7,720.25,718.5116873,308155,6713,221412969,123810,40.18,7.5,3.45
12-Dec-23,725.85,725.85,713,715.3,718.3899327,294597,9047,211635519,95213,32.32,12.85,-10.55
11-Dec-23,718.3,726.35,717,720.75,720.6974698,694724,19713,500685829,347068,49.96,9.35,2.45
08-Dec-23,723.65,727.5,707.6,714.65,715.0357916,800663,17961,572502702,133765,16.71,19.9,-9
07-Dec-23,724,727.45,716,721.9,721.9398012,631043,12839,455575058,289806,45.92,11.45,-2.1
06-Dec-23,709.95,724.5,708.8,722.4,714.1472679,717210,18354,512193562,408775,57,15.7,12.45
05-Dec-23,709.95,715,705.3,708.3,708.3163355,671733,11247,475799457,396969,59.1,9.7,-1.65
04-Dec-23,715.85,716.2,704.65,705.45,706.9714723,882686,26932,624033821,554224,62.79,11.55,-10.4
01-Dec-23,709.7,711.4,703,705.7,705.9483086,818163,17628,577580786,143954,17.59,8.4,-4
30-Nov-23,717,717,696.85,706.25,705.2655739,924172,17817,651786696,274031,29.65,20.15,-10.75
29-Nov-23,701.2,714.4,694.25,712.15,705.208713,1394705,38238,983558118,572668,41.06,20.15,10.95
28-Nov-23,678.7,699.45,674.3,697.6,690.8366759,666111,13046,460173909,199048,29.88,25.15,18.9
24-Nov-23,682.4,682.4,671.5,673.65,674.5534329,542886,11081,366205615,122739,22.61,10.9,-8.75
23-Nov-23,682.15,685.9,677.1,679.85,680.0345264,343592,7375,233654423,144215,41.97,8.8,-2.3
22-Nov-23,684.75,687.35,675.9,681.1,680.0515234,553593,15178,376471763,359039,64.86,11.45,-3.65
21-Nov-23,678.65,683.3,674.75,680.95,679.2475709,296198,7970,201191772,132867,44.86,8.55,2.3
20-Nov-23,683.85,686.7,670.6,674.05,676.503567,461589,10967,312266605,214018,46.37,16.1,-9.8
17-Nov-23,684,687.55,679.45,681,683.7695124,568304,12426,388588949,168877,29.72,8.1,-3
16-Nov-23,674.4,685.25,670.6,680.1,679.9447024,1421345,32180,966436003,666832,46.92,14.65,5.7
15-Nov-23,660,673.45,656.65,671.65,663.967376,438757,10357,291320334,150170,34.23,16.8,11.65
13-Nov-23,653.5,654,649.25,653.1,651.6579767,340813,11017,222093510,170579,50.05,4.75,-0.4
12-Nov-23,659.4,659.4,652.65,653.6,654.703891,136264,7888,89212571,90451,66.38,6.75,-5.8
10-Nov-23,649.9,652.8,644.1,650.8,649.8515156,765764,12781,497632896,286582,37.42,8.7,0.9
09-Nov-23,643.35,653.45,642.65,649.05,649.5072627,323363,7441,210026617,103399,31.98,10.8,5.7
08-Nov-23,649.45,649.45,641.25,642.25,645.6751292,769192,15155,496648144,549786,71.48,8.2,-7.2
07-Nov-23,645.45,649.8,643.8,645.15,645.8870916,356829,6501,230471245,195266,54.72,6,-0.3
06-Nov-23,653,653,643.2,645.95,646.862492,899686,20571,581973128,505680,56.21,9.8,-7.05
03-Nov-23,661,665.45,646,647.8,651.5424507,2265004,33263,1475746257,646328,28.54,19.45,-13.2
02-Nov-23,633.15,638.2,630.05,636.8,634.0658484,352552,7096,223541183,79241,22.48,8.15,3.65
01-Nov-23,630.7,633.95,626.35,627.35,628.8973935,551203,7952,346650130,279054,50.63,7.6,-3.35
31-Oct-23,642.5,642.5,627.15,628.5,632.4821347,611547,11074,386792552,209563,34.27,15.35,-14
30-Oct-23,643.7,643.9,622,628.25,627.4701601,878990,18197,551539996,415862,47.31,21.9,-15.45
27-Oct-23,630,644.05,628.4,640.7,635.1315658,873517,17535,554798220,244496,27.99,15.65,10.7
26-Oct-23,635.65,635.65,624.85,626.45,628.4036589,960187,32473,603385024,436168,45.43,10.8,-9.2
25-Oct-23,649.2,651.8,636.1,637.85,643.5025056,686070,22667,441487764,311574,45.41,15.7,-11.35
23-Oct-23,664,666.7,644.2,647.35,654.8366989,411816,11489,269672230,148790,36.13,22.5,-16.65
20-Oct-23,667.85,676.55,660.55,662.7,669.4294426,429147,10148,287283637,106470,24.81,16,-5.15
19-Oct-23,663.4,672.05,658.7,668.45,665.8583965,385287,9707,256546584,76033,19.73,13.35,5.05
18-Oct-23,659.35,672,653.75,668.35,664.0166201,1237175,31722,821504762,562505,45.47,18.25,9
17-Oct-23,670.95,670.95,654.65,655.75,662.1748304,399267,12323,264384558,141919,35.54,16.3,-15.2
16-Oct-23,668.8,677.9,661.1,666.1,669.4110627,1353054,40343,905749316,446327,32.99,16.8,-2.7
13-Oct-23,634.95,669.1,633.05,667.15,657.1905359,970594,23722,637865191,320200,32.99,36.05,32.2
12-Oct-23,636.9,640.45,635.1,636.85,637.6005191,196495,5973,125285314,76417,38.89,5.35,-0.05
11-Oct-23,632.25,637.65,632.25,633.85,635.1488477,553727,15653,351699066,304786,55.04,5.4,1.6
10-Oct-23,620,632.5,618.2,630.6,628.8804849,1046738,23740,658273101,555675,53.09,14.3,10.6
09-Oct-23,621.45,622,613.8,617.4,617.8313162,226892,7868,140180983,77606,34.2,8.2,-4.05
06-Oct-23,628,628,620,622.1,622.6718241,413577,14364,257522745,165697,40.06,8,-5.9
05-Oct-23,619.45,621.4,614.5,619.55,617.8997774,302387,11650,186844860,117739,38.94,6.9,0.1
04-Oct-23,621.85,621.85,608.45,613.5,612.3283415,643257,15439,393884492,421140,65.47,13.4,-8.35
03-Oct-23,632.5,632.55,618.65,620.3,621.6065003,831383,26631,516793077,559221,67.26,13.9,-12.2
29-Sep-23,620.35,633.1,616.8,630.35,627.8493872,334281,9425,209878121,109193,32.66,16.3,10
28-Sep-23,623.8,623.8,612.45,613.95,617.5702257,535495,17023,330705768,301430,56.29,11.35,-9.85
27-Sep-23,620.4,621.95,616.7,620.4,618.4030613,435244,8372,269156222,291382,66.95,5.25,0
26-Sep-23,619.95,625.65,618,619.75,621.8282232,648097,9736,403005006,474167,73.16,7.65,-0.2
25-Sep-23,622.7,625,617.8,618.6,620.0514918,872217,20297,540819452,585845,67.17,7.2,-4.1
22-Sep-23,627.35,631.75,619,621.1,624.9548897,448855,7811,280514127,258582,57.61,12.75,-6.25
21-Sep-23,638.3,641.8,624.2,626.9,631.1165355,347156,8593,219095892,117892,33.96,17.6,-11.4
20-Sep-23,640.25,647,637.05,638.3,642.6475068,559937,10120,359842117,255503,45.63,9.95,-1.95
18-Sep-23,635.05,644.1,633.1,640.6,640.146865,429830,8851,275154327,106730,24.83,11,5.55
15-Sep-23,628.9,636.45,627.4,634.15,633.0954567,629479,10389,398520295,132213,21,9.05,5.25
14-Sep-23,628.95,630.75,623.15,624.35,627.1243714,423345,13012,265489967,164748,38.92,7.6,-4.6
13-Sep-23,620.8,628.45,619.2,625.95,625.1134979,587632,15385,367336695,247864,42.18,9.25,5.15
12-Sep-23,639.75,639.75,615.6,620.8,624.071314,505118,10086,315229654,155251,30.74,24.15,-18.95
11-Sep-23,632.55,635.55,630.5,634.7,633.5444732,398510,9179,252473808,157780,39.59,5.05,2.15
08-Sep-23,616.35,628.9,614.15,627.15,623.8767582,634517,13503,395860409,189902,29.93,14.75,10.8
07-Sep-23,611.7,616.6,609.05,614.75,613.6311966,578338,16662,354886239,370496,64.06,7.55,3.05
06-Sep-23,611,612,605.6,610.25,608.2538702,290810,6624,176886308,112393,38.65,6.4,-0.75
05-Sep-23,609.05,618.8,608.3,611.05,612.9997297,373652,7336,229048575,160253,42.89,10.5,2
04-Sep-23,612.15,615,606.1,608.8,607.9835877,727501,15790,442308668,519142,71.36,8.9,-3.35
01-Sep-23,603.55,614.8,601.65,611.2,609.5114553,1454215,34093,886360701,485627,33.39,13.15,7.65
31-Aug-23,608.05,609.65,599.1,601.1,605.30417,1242644,20396,752177595,701894,56.48,10.55,-6.95
30-Aug-23,611.2,613,604.8,605.55,609.5187453,523411,5457,319028816,357871,68.37,8.2,-5.65
29-Aug-23,604.9,610.55,603,606.55,606.74999,524651,6803,318331989,299804,57.14,7.55,1.65
28-Aug-23,606.3,608.4,601.55,602.2,604.8192384,1317553,22381,796881402,763701,57.96,6.85,-4.1
25-Aug-23,611.4,616.3,593.5,605.45,607.268251,1616061,28017,981382537,504883,31.24,22.8,-5.95
24-Aug-23,618,619,609.7,610.85,614.3065901,392136,8970,240891729,248325,63.33,9.3,-7.15
23-Aug-23,621.6,622.65,612.35,613.6,615.6358887,574470,7762,353664349,305172,53.12,10.3,-8
22-Aug-23,620.7,626.5,618.5,619.85,622.552143,713442,18785,444154846,418659,58.68,8,-0.85
21-Aug-23,616.05,623,614.6,620.65,619.8056749,672435,14954,416779029,394241,58.63,8.4,4.6
